/data/SuiteSparse_triangular_new/12month1.csr,12471,2644297,212.04,1.68,17.42,1.71
/data/SuiteSparse_triangular_new/144.csr,144649,1219042,8.43,0.53,252.88,1.57
/data/SuiteSparse_triangular_new/192bit.csr,13691,145454,10.62,0.23,472.10,1.02
/data/SuiteSparse_triangular_new/208bit.csr,24430,284737,11.66,0.21,788.06,1.13
/data/SuiteSparse_triangular_new/2D_27628_bjtcai.csr,27628,235351,8.52,0.29,36.94,0.74
/data/SuiteSparse_triangular_new/2D_54019_highK.csr,54019,526117,9.74,0.68,39.49,0.30
/data/SuiteSparse_triangular_new/2cubes_sphere.csr,101492,874378,8.62,0.43,7.08,1.71
/data/SuiteSparse_triangular_new/333SP.csr,3712815,14821448,3.99,0.36,131.17,27.81
/data/SuiteSparse_triangular_new/3D_28984_Tetra.csr,28984,317668,10.96,2.72,133.57,0.34
/data/SuiteSparse_triangular_new/3D_51448_3D.csr,51448,558004,10.85,2.63,284.24,0.63
/data/SuiteSparse_triangular_new/3dtube.csr,45330,1629474,35.95,0.80,3.90,0.36
/data/SuiteSparse_triangular_new/598a.csr,110971,852905,7.69,0.55,157.41,2.06
/data/SuiteSparse_triangular_new/ABACUS_shell_ud.csr,23412,120948,5.17,0.16,15.59,0.63
/data/SuiteSparse_triangular_new/AS365.csr,3799275,15167351,3.99,0.44,131.13,45.49
/data/SuiteSparse_triangular_new/ASIC_100k.csr,99340,526789,5.30,20.00,1552.19,1.77
/data/SuiteSparse_triangular_new/ASIC_100ks.csr,99190,339040,3.42,1.84,3815.00,1.92
/data/SuiteSparse_triangular_new/ASIC_320k.csr,321821,1478630,4.59,21.95,3742.10,1.74
/data/SuiteSparse_triangular_new/ASIC_320ks.csr,321671,1074739,3.34,2.27,9190.60,3.94
/data/SuiteSparse_triangular_new/ASIC_680k.csr,682862,2277355,3.34,49.18,11381.03,1.75
/data/SuiteSparse_triangular_new/ASIC_680ks.csr,682712,1505944,2.21,1.72,13932.90,5.91
/data/SuiteSparse_triangular_new/Andrews.csr,60000,410077,6.83,0.59,1276.60,0.83
/data/SuiteSparse_triangular_new/Baumann.csr,112211,436421,3.89,0.08,531.81,0.62
/data/SuiteSparse_triangular_new/BenElechi1.csr,245874,6698185,27.24,0.09,42.73,0.33
/data/SuiteSparse_triangular_new/Bump_2911.csr,2911419,65320659,22.44,0.17,283.38,2.30
/data/SuiteSparse_triangular_new/CAG_mat1916.csr,1916,108367,56.56,0.81,9.08,0.58
/data/SuiteSparse_triangular_new/CO.csr,221119,3943588,17.83,0.23,1.02,1.07
/data/SuiteSparse_triangular_new/Chebyshev4.csr,68121,1404561,20.62,3.03,3.91,0.11
/data/SuiteSparse_triangular_new/CoupCons3D.csr,416800,11369568,27.28,0.25,178.42,0.50
/data/SuiteSparse_triangular_new/Cube_Coup_dt0.csr,2164760,64685452,29.88,0.12,99.17,0.75
/data/SuiteSparse_triangular_new/Cube_Coup_dt6.csr,2164760,64685452,29.88,0.12,99.17,0.75
/data/SuiteSparse_triangular_new/CurlCurl_1.csr,226451,1349261,5.96,0.40,902.20,0.63
/data/SuiteSparse_triangular_new/CurlCurl_2.csr,806529,4864159,6.03,0.40,2036.69,0.63
/data/SuiteSparse_triangular_new/CurlCurl_3.csr,1219574,7382096,6.05,0.40,2583.84,0.62
/data/SuiteSparse_triangular_new/CurlCurl_4.csr,2380515,14448191,6.07,0.39,4041.62,0.63
/data/SuiteSparse_triangular_new/Delor295K.csr,295734,462300,1.56,1.37,36966.75,2.42
/data/SuiteSparse_triangular_new/Delor338K.csr,343236,1261826,3.68,1.38,34323.60,2.26
/data/SuiteSparse_triangular_new/Dubcova1.csr,16129,134569,8.34,0.32,22.85,2.00
/data/SuiteSparse_triangular_new/Dubcova2.csr,65025,547625,8.42,0.32,39.79,3.05
/data/SuiteSparse_triangular_new/Dubcova3.csr,146689,1891669,12.90,0.27,44.91,2.00
/data/SuiteSparse_triangular_new/EAT_RS.csr,23219,192290,8.28,2.90,167.04,2.65
/data/SuiteSparse_triangular_new/EAT_SR.csr,23219,179173,7.72,1.54,209.18,6.83
/data/SuiteSparse_triangular_new/Emilia_923.csr,923136,20964171,22.71,0.22,176.14,0.57
/data/SuiteSparse_triangular_new/F1.csr,343791,13590452,39.53,0.48,245.92,0.59
/data/SuiteSparse_triangular_new/F2.csr,71505,2682895,37.52,0.54,63.90,0.77
/data/SuiteSparse_triangular_new/FEM_3D_thermal1.csr,17880,224310,12.55,0.25,34.45,0.60
/data/SuiteSparse_triangular_new/FEM_3D_thermal2.csr,147900,1818600,12.30,0.20,39.37,0.62
/data/SuiteSparse_triangular_new/Fault_639.csr,638802,14626683,22.90,0.21,143.16,0.46
/data/SuiteSparse_triangular_new/Flan_1565.csr,1564794,59485419,38.01,0.16,200.46,0.65
/data/SuiteSparse_triangular_new/Franz11.csr,47104,312965,6.64,0.26,1427.39,1.56
/data/SuiteSparse_triangular_new/Freescale1.csr,3428755,11901587,3.47,0.76,12559.54,6.41
/data/SuiteSparse_triangular_new/FullChip.csr,2987012,14804570,4.96,0.38,9219.17,5.87
/data/SuiteSparse_triangular_new/G2_circuit.csr,150102,438388,2.92,0.18,204.78,0.52
/data/SuiteSparse_triangular_new/G3_circuit.csr,1585478,4623152,2.92,0.18,611.21,0.61
/data/SuiteSparse_triangular_new/GL7d17.csr,1548650,25719444,16.61,0.19,13236.33,1.83
/data/SuiteSparse_triangular_new/GL7d18.csr,1955309,31460974,16.09,0.25,12297.54,1.16
/data/SuiteSparse_triangular_new/GL7d19.csr,1911130,22689557,11.87,0.30,9414.43,0.76
/data/SuiteSparse_triangular_new/GL7d20.csr,1437547,10601267,7.37,0.61,9914.12,0.95
/data/SuiteSparse_triangular_new/GL7d21.csr,822922,4156287,5.05,1.13,7989.53,1.22
/data/SuiteSparse_triangular_new/GL7d22.csr,349443,1332516,3.81,1.81,4853.38,1.71
/data/SuiteSparse_triangular_new/GL7d23.csr,105054,334410,3.18,2.45,2501.29,2.74
/data/SuiteSparse_triangular_new/GT01R.csr,7980,220214,27.60,0.31,14.25,0.46
/data/SuiteSparse_triangular_new/G_n_pin_pout.csr,100000,601198,6.01,0.51,150.38,1.17
/data/SuiteSparse_triangular_new/Ga10As10H30.csr,113081,3114357,27.54,1.73,1.02,0.97
/data/SuiteSparse_triangular_new/Ga19As19H42.csr,133123,4508981,33.87,1.77,1.02,0.99
/data/SuiteSparse_triangular_new/Ga3As3H12.csr,61349,3016148,49.16,2.65,1.03,0.90
/data/SuiteSparse_triangular_new/Ga41As41H72.csr,268096,9378286,34.98,1.74,1.02,1.09
/data/SuiteSparse_triangular_new/GaAsH6.csr,61349,1721579,28.06,2.78,1.03,0.90
/data/SuiteSparse_triangular_new/Ge87H76.csr,112985,4002590,35.43,1.43,1.02,0.96
/data/SuiteSparse_triangular_new/Ge99H100.csr,112985,4282190,37.90,1.41,1.02,0.96
/data/SuiteSparse_triangular_new/Geo_1438.csr,1437960,32297325,22.46,0.20,246.94,0.94
/data/SuiteSparse_triangular_new/H2O.csr,67024,1141880,17.04,0.16,1.02,0.16
/data/SuiteSparse_triangular_new/HEP-th-new.csr,27770,276103,9.94,1.27,151.75,2.70
/data/SuiteSparse_triangular_new/HTC_336_4438.csr,226340,565431,2.50,1.19,37723.33,1.08
/data/SuiteSparse_triangular_new/HTC_336_9129.csr,226340,554881,2.45,1.16,37723.33,1.08
/data/SuiteSparse_triangular_new/HV15R.csr,2017169,141718456,70.26,0.48,51.43,2.79
/data/SuiteSparse_triangular_new/Hamrle3.csr,1447360,3032733,2.10,0.59,111335.38,1.89
/data/SuiteSparse_triangular_new/Hook_1498.csr,1498023,31207734,20.83,0.27,95.92,0.91
/data/SuiteSparse_triangular_new/IG5-17.csr,30162,105910,3.51,2.55,520.03,6.32
/data/SuiteSparse_triangular_new/IG5-18.csr,47894,307035,6.41,2.37,405.88,8.25
/data/SuiteSparse_triangular_new/IMDB.csr,428440,1272922,2.97,1.62,25202.35,2.10
/data/SuiteSparse_triangular_new/Ill_Stokes.csr,20896,109361,5.23,0.82,1393.07,0.83
/data/SuiteSparse_triangular_new/JP.csr,87616,7797792,89.00,0.97,407.52,4.41
/data/SuiteSparse_triangular_new/Kuu.csr,7102,173651,24.45,0.47,17.15,0.54
/data/SuiteSparse_triangular_new/LeGresley_87936.csr,87936,337449,3.84,0.67,1542.74,1.99
/data/SuiteSparse_triangular_new/Lin.csr,256000,1011200,3.95,0.06,1292.93,0.75
/data/SuiteSparse_triangular_new/Long_Coup_dt0.csr,1470152,44279572,30.12,0.24,200.08,0.53
/data/SuiteSparse_triangular_new/Long_Coup_dt6.csr,1470152,44279572,30.12,0.24,200.08,0.53
/data/SuiteSparse_triangular_new/M6.csr,3501776,14003712,4.00,0.44,1576.67,12.67
/data/SuiteSparse_triangular_new/ML_Geer.csr,1504002,56191987,37.36,0.13,88.74,0.43
/data/SuiteSparse_triangular_new/ML_Laplace.csr,377002,14033487,37.22,0.14,44.63,0.42
/data/SuiteSparse_triangular_new/Maragal_6.csr,21255,210281,9.89,7.28,269.05,0.88
/data/SuiteSparse_triangular_new/Maragal_7.csr,46845,384968,8.22,15.98,1338.43,1.51
/data/SuiteSparse_triangular_new/Maragal_8.csr,33212,391069,11.77,4.09,503.21,1.55
/data/SuiteSparse_triangular_new/NACA0015.csr,1039183,4154001,4.00,0.44,432.27,13.35
/data/SuiteSparse_triangular_new/NLR.csr,4163763,16651739,4.00,0.44,1504.79,14.05
/data/SuiteSparse_triangular_new/Na5.csr,5832,155731,26.70,1.32,1.06,0.65
/data/SuiteSparse_triangular_new/NotreDame_actors.csr,392400,1415031,3.61,1.59,6228.57,0.67
/data/SuiteSparse_triangular_new/NotreDame_www.csr,325729,783757,2.41,1.29,1184.47,10.92
/data/SuiteSparse_triangular_new/OPF_10000.csr,43887,255799,5.83,0.96,1329.91,1.85
/data/SuiteSparse_triangular_new/OPF_6000.csr,29902,166160,5.56,1.03,1107.48,1.66
/data/SuiteSparse_triangular_new/PR02R.csr,161070,4174236,25.92,0.37,56.75,0.41
/data/SuiteSparse_triangular_new/Pres_Poisson.csr,14822,365313,24.65,0.49,7.99,1.49
/data/SuiteSparse_triangular_new/RM07R.csr,381689,18948609,49.64,0.81,144.14,14.70
/data/SuiteSparse_triangular_new/Raj1.csr,263743,783512,2.97,0.33,1238.23,4.28
/data/SuiteSparse_triangular_new/Reuters911.csr,13332,161370,12.10,3.53,58.73,3.05
/data/SuiteSparse_triangular_new/Serena.csr,1391349,32961525,23.69,0.29,298.44,0.77
/data/SuiteSparse_triangular_new/Si10H16.csr,17077,446500,26.15,1.37,1.04,0.77
/data/SuiteSparse_triangular_new/Si34H36.csr,97569,2626974,26.92,1.45,1.03,0.94
/data/SuiteSparse_triangular_new/Si41Ge41H72.csr,185639,7598452,40.93,1.79,1.02,1.04
/data/SuiteSparse_triangular_new/Si5H12.csr,19896,379247,19.06,0.95,1.03,0.22
/data/SuiteSparse_triangular_new/Si87H76.csr,240369,5451000,22.68,1.02,1.02,1.08
/data/SuiteSparse_triangular_new/SiNa.csr,5743,102265,17.81,1.05,1.06,0.64
/data/SuiteSparse_triangular_new/SiO.csr,33401,675528,20.22,1.66,1.04,0.86
/data/SuiteSparse_triangular_new/SiO2.csr,155331,5719417,36.82,4.57,1.02,1.03
/data/SuiteSparse_triangular_new/Stanford.csr,281903,1463032,5.19,20.49,5421.21,2.80
/data/SuiteSparse_triangular_new/Stanford_Berkeley.csr,683446,4534722,6.64,27.87,151.94,23.20
/data/SuiteSparse_triangular_new/StocF-1465.csr,1465137,11235263,7.67,0.23,487.73,1.43
/data/SuiteSparse_triangular_new/TF17.csr,38132,162086,4.25,0.95,215.44,4.49
/data/SuiteSparse_triangular_new/TF18.csr,95368,426468,4.47,0.97,512.73,4.28
/data/SuiteSparse_triangular_new/TF19.csr,241029,970287,4.03,1.13,1061.80,7.08
/data/SuiteSparse_triangular_new/TSC_OPF_1047.csr,8140,1012521,124.39,1.75,50.56,3.14
/data/SuiteSparse_triangular_new/TSC_OPF_300.csr,9774,415289,42.49,0.89,177.71,3.15
/data/SuiteSparse_triangular_new/TSOPF_FS_b162_c1.csr,10798,313606,29.04,1.07,177.02,2.55
/data/SuiteSparse_triangular_new/TSOPF_FS_b162_c3.csr,30798,927486,30.12,1.04,504.89,2.67
/data/SuiteSparse_triangular_new/TSOPF_FS_b162_c4.csr,40798,1234696,30.26,1.04,668.82,2.69
/data/SuiteSparse_triangular_new/TSOPF_FS_b300.csr,29214,2225387,76.18,1.12,189.70,4.16
/data/SuiteSparse_triangular_new/TSOPF_FS_b300_c1.csr,29214,2225387,76.18,1.12,189.70,4.16
/data/SuiteSparse_triangular_new/TSOPF_FS_b300_c2.csr,56814,4433209,78.03,1.10,368.92,4.26
/data/SuiteSparse_triangular_new/TSOPF_FS_b300_c3.csr,84414,6641591,78.68,1.10,548.14,4.30
/data/SuiteSparse_triangular_new/TSOPF_FS_b39_c19.csr,76216,1055457,13.85,0.93,2241.65,2.11
/data/SuiteSparse_triangular_new/TSOPF_FS_b39_c30.csr,120216,1665737,13.86,0.93,3535.76,2.11
/data/SuiteSparse_triangular_new/TSOPF_FS_b39_c7.csr,28216,389697,13.81,0.93,829.88,2.10
/data/SuiteSparse_triangular_new/TSOPF_RS_b162_c1.csr,5374,199138,37.06,1.01,47.14,0.14
/data/SuiteSparse_triangular_new/TSOPF_RS_b162_c3.csr,15374,594088,38.64,0.97,134.86,0.24
/data/SuiteSparse_triangular_new/TSOPF_RS_b162_c4.csr,20374,791563,38.85,0.96,178.72,0.26
/data/SuiteSparse_triangular_new/TSOPF_RS_b2052_c1.csr,25626,6733882,262.78,1.18,420.10,0.50
/data/SuiteSparse_triangular_new/TSOPF_RS_b2383.csr,38120,16124919,423.00,1.15,595.62,0.19
/data/SuiteSparse_triangular_new/TSOPF_RS_b2383_c1.csr,38120,16124919,423.00,1.15,595.62,0.19
/data/SuiteSparse_triangular_new/TSOPF_RS_b300_c1.csr,14538,1458648,100.33,1.03,129.80,0.15
/data/SuiteSparse_triangular_new/TSOPF_RS_b300_c2.csr,28338,2914479,102.85,1.01,253.02,0.21
/data/SuiteSparse_triangular_new/TSOPF_RS_b300_c3.csr,42138,4370310,103.71,1.00,376.23,0.23
/data/SuiteSparse_triangular_new/TSOPF_RS_b39_c19.csr,38098,646150,16.96,0.88,359.42,0.22
/data/SuiteSparse_triangular_new/TSOPF_RS_b39_c30.csr,60098,1020040,16.97,0.88,566.96,0.22
/data/SuiteSparse_triangular_new/TSOPF_RS_b39_c7.csr,14098,238270,16.90,0.89,133.00,0.20
/data/SuiteSparse_triangular_new/TSOPF_RS_b678_c1.csr,18696,4375247,234.02,1.08,301.55,0.20
/data/SuiteSparse_triangular_new/TSOPF_RS_b678_c2.csr,35696,8744077,244.96,1.04,575.74,0.28
/data/SuiteSparse_triangular_new/Transport.csr,1602111,12551421,7.83,0.09,2805.80,0.66
/data/SuiteSparse_triangular_new/Trefethen_20000.csr,20000,287233,14.36,0.10,1.00,0.00
/data/SuiteSparse_triangular_new/Trefethen_20000b.csr,19999,287217,14.36,0.10,1.00,0.00
/data/SuiteSparse_triangular_new/Zd_Jac2_db.csr,22835,307168,13.45,2.29,15.82,23.81
/data/SuiteSparse_triangular_new/Zd_Jac3_db.csr,22835,325598,14.26,2.22,15.34,24.05
/data/SuiteSparse_triangular_new/Zd_Jac6_db.csr,22835,294391,12.89,2.29,15.33,24.52
/data/SuiteSparse_triangular_new/Zhao1.csr,33861,103167,3.05,0.63,11287.00,0.64
/data/SuiteSparse_triangular_new/Zhao2.csr,33861,103167,3.05,0.63,11287.00,0.64
/data/SuiteSparse_triangular_new/a0nsdsil.csr,80016,235029,2.94,12.05,26672.00,0.35
/data/SuiteSparse_triangular_new/a2nnsnsl.csr,80016,231123,2.89,12.26,26672.00,0.35
/data/SuiteSparse_triangular_new/a5esindl.csr,60008,170008,2.83,10.21,20002.67,0.35
/data/SuiteSparse_triangular_new/adaptive.csr,6815744,20440064,3.00,0.33,1665.63,12.02
/data/SuiteSparse_triangular_new/af23560.csr,23560,253908,10.78,0.09,122.71,0.37
/data/SuiteSparse_triangular_new/af_0_k101.csr,503625,9027150,17.92,0.29,74.45,0.30
/data/SuiteSparse_triangular_new/af_1_k101.csr,503625,9027150,17.92,0.29,74.45,0.30
/data/SuiteSparse_triangular_new/af_2_k101.csr,503625,9027150,17.92,0.29,74.45,0.30
/data/SuiteSparse_triangular_new/af_3_k101.csr,503625,9027150,17.92,0.29,74.45,0.30
/data/SuiteSparse_triangular_new/af_4_k101.csr,503625,9027150,17.92,0.29,74.45,0.30
/data/SuiteSparse_triangular_new/af_5_k101.csr,503625,9027150,17.92,0.29,74.45,0.30
/data/SuiteSparse_triangular_new/af_shell1.csr,504855,9046865,17.92,0.29,135.53,0.46
/data/SuiteSparse_triangular_new/af_shell10.csr,1508065,27090195,17.96,0.29,180.39,0.48
/data/SuiteSparse_triangular_new/af_shell2.csr,504855,9046865,17.92,0.29,135.53,0.46
/data/SuiteSparse_triangular_new/af_shell3.csr,504855,9046865,17.92,0.29,135.53,0.46
/data/SuiteSparse_triangular_new/af_shell4.csr,504855,9046865,17.92,0.29,135.53,0.46
/data/SuiteSparse_triangular_new/af_shell5.csr,504855,9046865,17.92,0.29,135.53,0.46
/data/SuiteSparse_triangular_new/af_shell6.csr,504855,9046865,17.92,0.29,135.53,0.46
/data/SuiteSparse_triangular_new/af_shell7.csr,504855,9046865,17.92,0.29,135.53,0.46
/data/SuiteSparse_triangular_new/af_shell8.csr,504855,9046865,17.92,0.29,135.53,0.46
/data/SuiteSparse_triangular_new/af_shell9.csr,504855,9046865,17.92,0.29,135.53,0.46
/data/SuiteSparse_triangular_new/airfoil_2d.csr,14214,137061,9.64,0.21,7.48,1.96
/data/SuiteSparse_triangular_new/ak2010.csr,45292,153841,3.40,1.21,1617.57,1.49
/data/SuiteSparse_triangular_new/al2010.csr,252266,867507,3.44,0.69,9702.54,1.41
/data/SuiteSparse_triangular_new/amazon-2008.csr,735323,3283120,4.46,0.62,1176.52,5.02
/data/SuiteSparse_triangular_new/amazon0302.csr,262111,1042401,3.98,0.37,5139.43,1.11
/data/SuiteSparse_triangular_new/amazon0312.csr,400727,2551543,6.37,0.46,4659.62,0.83
/data/SuiteSparse_triangular_new/amazon0505.csr,410236,2626606,6.40,0.45,2994.42,0.89
/data/SuiteSparse_triangular_new/amazon0601.csr,403394,2650712,6.57,0.42,3667.22,0.77
/data/SuiteSparse_triangular_new/apache1.csr,80800,311492,3.86,0.09,390.34,0.61
/data/SuiteSparse_triangular_new/apache2.csr,715176,2766523,3.87,0.09,1077.07,0.64
/data/SuiteSparse_triangular_new/appu.csr,14000,933552,66.68,0.65,46.82,0.20
/data/SuiteSparse_triangular_new/ar2010.csr,186211,638366,3.43,0.67,6650.39,1.47
/data/SuiteSparse_triangular_new/arabic-2005.csr,22744080,330977515,14.55,3.20,7069.97,17.38
/data/SuiteSparse_triangular_new/as-Skitter.csr,1696415,12791713,7.54,1.96,1069.62,2.10
/data/SuiteSparse_triangular_new/asia_osm.csr,11950757,24662360,2.06,0.17,2790.28,6.43
/data/SuiteSparse_triangular_new/astro-ph.csr,16706,137957,8.26,1.14,55.50,1.77
/data/SuiteSparse_triangular_new/atmosmodd.csr,1270432,5042656,3.97,0.04,3609.18,0.73
/data/SuiteSparse_triangular_new/atmosmodj.csr,1270432,5042656,3.97,0.04,3609.18,0.73
/data/SuiteSparse_triangular_new/atmosmodl.csr,1489752,5904756,3.96,0.05,3448.50,0.66
/data/SuiteSparse_triangular_new/atmosmodm.csr,1489752,5904756,3.96,0.05,3448.50,0.66
/data/SuiteSparse_triangular_new/audikw_1.csr,943695,39297771,41.64,0.35,203.73,0.60
/data/SuiteSparse_triangular_new/auto.csr,448695,3763306,8.39,0.53,1267.50,1.87
/data/SuiteSparse_triangular_new/av41092.csr,41092,455104,11.08,5.33,1369.73,3.08
/data/SuiteSparse_triangular_new/az2010.csr,241666,839713,3.47,0.77,9294.85,1.41
/data/SuiteSparse_triangular_new/barrier2-1.csr,113076,1959072,17.33,0.73,96.48,0.50
/data/SuiteSparse_triangular_new/barrier2-10.csr,115625,2006591,17.35,0.84,97.82,0.49
/data/SuiteSparse_triangular_new/barrier2-11.csr,115625,2006591,17.35,0.84,97.82,0.49
/data/SuiteSparse_triangular_new/barrier2-12.csr,115625,2006591,17.35,0.84,97.82,0.49
/data/SuiteSparse_triangular_new/barrier2-2.csr,113076,1959072,17.33,0.73,96.48,0.50
/data/SuiteSparse_triangular_new/barrier2-3.csr,113076,1959072,17.33,0.73,96.48,0.50
/data/SuiteSparse_triangular_new/barrier2-4.csr,113076,1959072,17.33,0.73,96.48,0.50
/data/SuiteSparse_triangular_new/barrier2-9.csr,115625,2006591,17.35,0.84,97.82,0.49
/data/SuiteSparse_triangular_new/bauru5727.csr,40366,101724,2.52,0.84,1009.15,1.90
/data/SuiteSparse_triangular_new/bayer01.csr,57735,195628,3.39,1.04,9622.50,0.84
/data/SuiteSparse_triangular_new/bbmat.csr,38744,1032225,26.64,1.03,57.57,0.52
/data/SuiteSparse_triangular_new/bcircuit.csr,68902,222230,3.23,0.57,192.46,0.85
/data/SuiteSparse_triangular_new/bcsstk16.csr,4884,147631,30.23,0.30,7.08,0.46
/data/SuiteSparse_triangular_new/bcsstk17.csr,10974,219812,20.03,0.45,8.24,2.02
/data/SuiteSparse_triangular_new/bcsstk25.csr,15439,133840,8.67,0.44,17.54,0.42
/data/SuiteSparse_triangular_new/bcsstk28.csr,4410,111717,25.33,0.27,4.80,0.59
/data/SuiteSparse_triangular_new/bcsstk29.csr,13992,316740,22.64,0.35,12.55,0.53
/data/SuiteSparse_triangular_new/bcsstk30.csr,28924,1036208,35.83,0.61,5.25,0.48
/data/SuiteSparse_triangular_new/bcsstk31.csr,35588,608502,17.10,0.48,17.83,0.47
/data/SuiteSparse_triangular_new/bcsstk32.csr,44609,1029655,23.08,0.44,15.12,0.59
/data/SuiteSparse_triangular_new/bcsstk33.csr,8738,300321,34.37,0.28,8.26,0.65
/data/SuiteSparse_triangular_new/bcsstk35.csr,30237,740200,24.48,0.45,8.39,0.71
/data/SuiteSparse_triangular_new/bcsstk36.csr,23052,583096,25.29,0.39,5.17,0.68
/data/SuiteSparse_triangular_new/bcsstk37.csr,25503,583240,22.87,0.41,5.07,0.68
/data/SuiteSparse_triangular_new/bcsstk38.csr,8032,181746,22.63,0.70,3.68,0.65
/data/SuiteSparse_triangular_new/bcsstk39.csr,46772,1068033,22.83,0.17,23.66,0.25
/data/SuiteSparse_triangular_new/bcsstm36.csr,23052,177269,7.69,0.98,9.94,22.72
/data/SuiteSparse_triangular_new/belgium_osm.csr,1441295,2991265,2.08,0.19,2284.14,3.66
/data/SuiteSparse_triangular_new/benzene.csr,8219,125444,15.26,0.22,1.03,0.19
/data/SuiteSparse_triangular_new/bfly.csr,49152,147456,3.00,0.27,1068.52,0.57
/data/SuiteSparse_triangular_new/blockqp1.csr,60012,360023,6.00,27.23,20004.00,0.00
/data/SuiteSparse_triangular_new/bloweya.csr,30004,100008,3.33,17.32,3.00,0.01
/data/SuiteSparse_triangular_new/bmw3_2.csr,227362,5757996,25.33,0.53,195.66,1.59
/data/SuiteSparse_triangular_new/bmw7st_1.csr,141347,3740507,26.46,0.54,199.93,1.17
/data/SuiteSparse_triangular_new/bmwcra_1.csr,148770,5396386,36.27,0.49,204.07,0.38
/data/SuiteSparse_triangular_new/bone010.csr,986703,36326514,36.82,0.24,470.53,0.39
/data/SuiteSparse_triangular_new/boneS01.csr,127224,3421188,26.89,0.42,156.49,0.65
/data/SuiteSparse_triangular_new/boneS10.csr,914898,28191660,30.81,0.37,386.52,0.71
/data/SuiteSparse_triangular_new/boyd1.csr,93279,652264,6.99,93.45,46639.50,1.00
/data/SuiteSparse_triangular_new/boyd2.csr,466316,1076622,2.31,11.37,233158.00,0.20
/data/SuiteSparse_triangular_new/brack2.csr,62631,429190,6.85,0.61,4.43,1.74
/data/SuiteSparse_triangular_new/brainpc2.csr,27607,110401,4.00,0.77,13803.50,0.00
/data/SuiteSparse_triangular_new/bratu3d.csr,27792,112961,4.06,0.85,13896.00,0.12
/data/SuiteSparse_triangular_new/bundle1.csr,10581,390741,36.93,0.66,1058.10,1.46
/data/SuiteSparse_triangular_new/bundle_adj.csr,513351,10360701,20.18,0.78,57039.00,1.40
/data/SuiteSparse_triangular_new/c-47.csr,15343,113372,7.39,2.34,7671.50,0.13
/data/SuiteSparse_triangular_new/c-50.csr,22401,108013,4.82,2.58,11200.50,0.13
/data/SuiteSparse_triangular_new/c-51.csr,23196,113123,4.88,2.50,11598.00,0.15
/data/SuiteSparse_triangular_new/c-52.csr,23948,113332,4.73,2.65,11974.00,0.14
/data/SuiteSparse_triangular_new/c-53.csr,30235,201224,6.66,1.15,15117.50,0.08
/data/SuiteSparse_triangular_new/c-54.csr,31793,211743,6.66,1.91,15896.50,0.11
/data/SuiteSparse_triangular_new/c-55.csr,32780,218115,6.65,2.96,16390.00,0.17
/data/SuiteSparse_triangular_new/c-56.csr,35910,208405,5.80,1.90,17955.00,0.11
/data/SuiteSparse_triangular_new/c-57.csr,37833,221515,5.86,1.00,18916.50,0.06
/data/SuiteSparse_triangular_new/c-58.csr,37595,295076,7.85,4.27,18797.50,0.19
/data/SuiteSparse_triangular_new/c-59.csr,41282,260909,6.32,2.91,20641.00,0.15
/data/SuiteSparse_triangular_new/c-60.csr,43640,171109,3.92,3.04,21820.00,0.12
/data/SuiteSparse_triangular_new/c-61.csr,43618,176817,4.05,3.63,21809.00,0.15
/data/SuiteSparse_triangular_new/c-62.csr,41731,300537,7.20,3.92,20865.50,0.21
/data/SuiteSparse_triangular_new/c-62ghs.csr,41731,300537,7.20,3.92,20865.50,0.21
/data/SuiteSparse_triangular_new/c-63.csr,44234,239469,5.41,3.21,22117.00,0.15
/data/SuiteSparse_triangular_new/c-64.csr,51035,384438,7.53,1.13,25517.50,0.06
/data/SuiteSparse_triangular_new/c-64b.csr,51035,384438,7.53,1.13,25517.50,0.06
/data/SuiteSparse_triangular_new/c-65.csr,48066,204297,4.25,3.77,24033.00,0.15
/data/SuiteSparse_triangular_new/c-66.csr,49989,274498,5.49,2.77,24994.50,0.11
/data/SuiteSparse_triangular_new/c-66b.csr,49989,274498,5.49,2.77,24994.50,0.11
/data/SuiteSparse_triangular_new/c-67.csr,57975,294955,5.09,1.39,28987.50,0.08
/data/SuiteSparse_triangular_new/c-67b.csr,57975,294955,5.09,1.39,28987.50,0.08
/data/SuiteSparse_triangular_new/c-68.csr,64810,315408,4.87,2.76,32405.00,0.13
/data/SuiteSparse_triangular_new/c-69.csr,67458,345714,5.12,3.54,33729.00,0.14
/data/SuiteSparse_triangular_new/c-70.csr,68924,363955,5.28,3.46,34462.00,0.14
/data/SuiteSparse_triangular_new/c-71.csr,76638,468096,6.11,4.31,38319.00,0.17
/data/SuiteSparse_triangular_new/c-72.csr,84064,395811,4.71,4.05,42032.00,0.14
/data/SuiteSparse_triangular_new/c-73.csr,169422,724348,4.28,1.04,84711.00,0.02
/data/SuiteSparse_triangular_new/c-73b.csr,169422,724348,4.28,1.04,84711.00,0.02
/data/SuiteSparse_triangular_new/c-big.csr,345241,1343126,3.89,8.63,172620.50,0.17
/data/SuiteSparse_triangular_new/c8_mat11.csr,4562,542885,119.00,1.87,12.96,9.72
/data/SuiteSparse_triangular_new/ca-AstroPh.csr,18772,216822,11.55,1.58,124.32,1.95
/data/SuiteSparse_triangular_new/ca-CondMat.csr,23133,116572,5.04,1.33,308.44,2.10
/data/SuiteSparse_triangular_new/ca-HepPh.csr,12008,130497,10.87,2.51,49.01,3.60
/data/SuiteSparse_triangular_new/ca2010.csr,710145,2454828,3.46,0.68,26301.67,1.48
/data/SuiteSparse_triangular_new/cage11.csr,39082,299402,7.66,0.50,737.40,1.04
/data/SuiteSparse_triangular_new/cage12.csr,130228,1081382,8.30,0.49,1973.15,1.14
/data/SuiteSparse_triangular_new/cage13.csr,445315,3962329,8.90,0.48,5365.24,1.26
/data/SuiteSparse_triangular_new/cage14.csr,1505785,14318067,9.51,0.47,15057.85,1.36
/data/SuiteSparse_triangular_new/cage15.csr,5154859,52177205,10.12,0.46,35067.07,1.65
/data/SuiteSparse_triangular_new/caidaRouterLevel.csr,192244,801310,4.17,1.15,1403.24,1.02
/data/SuiteSparse_triangular_new/cant.csr,62451,2034917,32.58,0.23,26.05,0.26
/data/SuiteSparse_triangular_new/case39.csr,40216,556237,13.83,0.93,1182.82,2.11
/data/SuiteSparse_triangular_new/cbuckle.csr,13681,345098,25.22,0.26,8.96,0.25
/data/SuiteSparse_triangular_new/cca.csr,49152,118784,2.42,0.24,2048.00,0.51
/data/SuiteSparse_triangular_new/ccc.csr,49152,122880,2.50,0.26,2048.00,0.51
/data/SuiteSparse_triangular_new/cegb2802.csr,2802,140136,50.01,0.36,2.59,1.28
/data/SuiteSparse_triangular_new/cegb2919.csr,2919,162261,55.59,0.30,4.18,0.64
/data/SuiteSparse_triangular_new/cfd1.csr,70656,949510,13.44,0.23,16.28,1.14
/data/SuiteSparse_triangular_new/cfd2.csr,123440,1605669,13.01,0.21,28.33,0.55
/data/SuiteSparse_triangular_new/ch7-7-b5.csr,35280,120009,3.40,0.80,5880.00,0.99
/data/SuiteSparse_triangular_new/ch7-8-b4.csr,141120,645395,4.57,0.47,23520.00,0.88
/data/SuiteSparse_triangular_new/ch7-8-b5.csr,141120,564618,4.00,0.71,15680.00,1.36
/data/SuiteSparse_triangular_new/ch7-9-b4.csr,317520,1522417,4.79,0.43,35280.00,1.25
/data/SuiteSparse_triangular_new/ch7-9-b5.csr,423360,1884739,4.45,0.63,52920.00,1.17
/data/SuiteSparse_triangular_new/ch8-8-b4.csr,376320,1827743,4.86,0.41,47040.00,1.11
/data/SuiteSparse_triangular_new/ch8-8-b5.csr,564480,2609914,4.62,0.61,56448.00,1.35
/data/SuiteSparse_triangular_new/channel-500x100x100-b050.csr,4802000,47483372,9.89,0.07,2635.57,0.36
/data/SuiteSparse_triangular_new/chem_master1.csr,40401,120801,2.99,0.03,100.75,0.57
/data/SuiteSparse_triangular_new/chipcool0.csr,20082,150616,7.50,0.20,37.61,0.37
/data/SuiteSparse_triangular_new/chipcool1.csr,20082,150616,7.50,0.20,37.61,0.37
/data/SuiteSparse_triangular_new/circuit5M.csr,5558326,32542244,5.85,10.44,308795.88,3.37
/data/SuiteSparse_triangular_new/circuit5M_dc.csr,3523317,10631719,3.02,0.42,12812.06,4.50
/data/SuiteSparse_triangular_new/circuit_4.csr,80209,190423,2.37,12.58,5347.27,2.20
/data/SuiteSparse_triangular_new/cit-HepPh.csr,34546,308903,8.94,1.19,322.86,1.84
/data/SuiteSparse_triangular_new/cit-HepTh.csr,27770,276103,9.94,1.27,151.75,2.70
/data/SuiteSparse_triangular_new/citationCiteseer.csr,268495,1425142,5.31,1.65,2632.30,1.93
/data/SuiteSparse_triangular_new/ckt11752_dc_1.csr,49702,191814,3.86,0.97,1183.38,1.81
/data/SuiteSparse_triangular_new/ckt11752_tr_0.csr,49702,191814,3.86,0.97,1183.38,1.81
/data/SuiteSparse_triangular_new/cnr-2000.csr,325557,1788943,5.50,2.14,1798.66,6.03
/data/SuiteSparse_triangular_new/co2010.csr,201062,688349,3.42,0.73,7446.74,1.45
/data/SuiteSparse_triangular_new/coAuthorsCiteseer.csr,227320,1041454,4.58,0.96,545.13,1.98
/data/SuiteSparse_triangular_new/coAuthorsDBLP.csr,299067,1276743,4.27,0.87,1000.22,1.43
/data/SuiteSparse_triangular_new/coPapersCiteseer.csr,434102,16470822,37.94,1.46,53.68,2.52
/data/SuiteSparse_triangular_new/coPapersDBLP.csr,540486,15786215,29.21,1.15,62.51,2.16
/data/SuiteSparse_triangular_new/coater2.csr,9540,112095,11.75,0.90,15.72,3.94
/data/SuiteSparse_triangular_new/cond-mat-2003.csr,31163,151192,4.85,0.81,184.40,1.51
/data/SuiteSparse_triangular_new/cond-mat-2005.csr,40421,216114,5.35,0.88,177.29,1.44
/data/SuiteSparse_triangular_new/consph.csr,83334,3046907,36.56,0.30,139.82,1.24
/data/SuiteSparse_triangular_new/cont-201.csr,80595,279794,3.47,0.72,40297.50,0.00
/data/SuiteSparse_triangular_new/cont-300.csr,180895,629694,3.48,0.72,90447.50,0.00
/data/SuiteSparse_triangular_new/cont11_l.csr,1468599,1468599,1.00,0.00,1468599.00,0.00
/data/SuiteSparse_triangular_new/cont1_l.csr,1918399,1918399,1.00,0.00,1918399.00,0.00
/data/SuiteSparse_triangular_new/cop20k_A.csr,121192,1383436,11.42,0.57,507.08,2.77
/data/SuiteSparse_triangular_new/copter1.csr,17222,114143,6.63,0.45,118.77,0.69
/data/SuiteSparse_triangular_new/copter2.csr,55476,407714,7.35,0.48,291.98,1.05
/data/SuiteSparse_triangular_new/crankseg_1.csr,52804,5333507,101.01,0.46,13.02,0.55
/data/SuiteSparse_triangular_new/crankseg_2.csr,63838,7106348,111.32,0.43,14.53,0.56
/data/SuiteSparse_triangular_new/crashbasis.csr,160000,1232812,7.71,0.36,266.67,0.50
/data/SuiteSparse_triangular_new/crplat2.csr,18010,489478,27.18,0.37,21.39,0.49
/data/SuiteSparse_triangular_new/crystk01.csr,4875,160383,32.90,0.28,13.89,0.34
/data/SuiteSparse_triangular_new/crystk02.csr,13965,491274,35.18,0.24,27.87,0.36
/data/SuiteSparse_triangular_new/crystk03.csr,24696,887937,35.95,0.22,36.26,0.33
/data/SuiteSparse_triangular_new/crystm02.csr,13965,168435,12.06,0.23,83.62,0.36
/data/SuiteSparse_triangular_new/crystm03.csr,24696,304233,12.32,0.21,108.79,0.33
/data/SuiteSparse_triangular_new/ct2010.csr,67578,235754,3.49,0.68,3378.90,1.16
/data/SuiteSparse_triangular_new/ct20stif.csr,52329,1375396,26.28,0.54,39.32,1.08
/data/SuiteSparse_triangular_new/cvxbqp1.csr,50000,199984,4.00,0.52,2000.00,1.11
/data/SuiteSparse_triangular_new/cyl6.csr,13681,363961,26.60,0.27,8.87,0.21
/data/SuiteSparse_triangular_new/cz20468.csr,20468,113281,5.53,0.96,4.18,4.50
/data/SuiteSparse_triangular_new/cz40948.csr,40948,226539,5.53,0.96,4.20,6.37
/data/SuiteSparse_triangular_new/d_pretok.csr,182730,938986,5.14,0.17,315.05,0.53
/data/SuiteSparse_triangular_new/darcy003.csr,389874,1323431,3.39,0.30,12576.58,1.21
/data/SuiteSparse_triangular_new/dawson5.csr,51537,531157,10.31,0.37,33.68,1.29
/data/SuiteSparse_triangular_new/dblp-2010.csr,326186,1133886,3.48,1.26,208.83,11.53
/data/SuiteSparse_triangular_new/dc1.csr,116835,441781,3.78,0.45,8345.36,1.45
/data/SuiteSparse_triangular_new/dc2.csr,116835,441781,3.78,0.45,8345.36,1.45
/data/SuiteSparse_triangular_new/dc3.csr,116835,441781,3.78,0.45,8345.36,1.45
/data/SuiteSparse_triangular_new/debr.csr,1048576,3145725,3.00,0.33,26214.40,2.38
/data/SuiteSparse_triangular_new/degme.csr,185501,442214,2.38,171.19,11593.81,3.83
/data/SuiteSparse_triangular_new/delaunay_n15.csr,32768,131042,4.00,0.49,83.38,3.90
/data/SuiteSparse_triangular_new/delaunay_n16.csr,65536,262111,4.00,0.50,219.92,3.50
/data/SuiteSparse_triangular_new/delaunay_n17.csr,131072,524248,4.00,0.49,144.04,5.99
/data/SuiteSparse_triangular_new/delaunay_n18.csr,262144,1048540,4.00,0.49,572.37,4.40
/data/SuiteSparse_triangular_new/delaunay_n19.csr,524288,2097111,4.00,0.49,493.68,6.49
/data/SuiteSparse_triangular_new/delaunay_n20.csr,1048576,4194262,4.00,0.49,1330.68,5.85
/data/SuiteSparse_triangular_new/delaunay_n21.csr,2097152,8388560,4.00,0.49,1582.76,7.27
/data/SuiteSparse_triangular_new/delaunay_n22.csr,4194304,16777173,4.00,0.49,3869.28,6.90
/data/SuiteSparse_triangular_new/delaunay_n23.csr,8388608,33554392,4.00,0.50,2858.13,10.88
/data/SuiteSparse_triangular_new/delaunay_n24.csr,16777216,67108817,4.00,0.47,7194.35,10.17
/data/SuiteSparse_triangular_new/denormal.csr,89400,622812,6.97,0.04,99.78,0.50
/data/SuiteSparse_triangular_new/dictionary28.csr,52652,141690,2.69,0.88,1253.62,2.53
/data/SuiteSparse_triangular_new/dielFilterV2real.csr,1157456,24848204,21.47,0.55,89.02,0.60
/data/SuiteSparse_triangular_new/dielFilterV3real.csr,1102824,45204422,40.99,0.62,63.75,0.69
/data/SuiteSparse_triangular_new/dixmaanl.csr,60000,179999,3.00,0.27,1.00,0.00
/data/SuiteSparse_triangular_new/e40r0100.csr,17281,257727,14.91,0.85,33.75,2.60
/data/SuiteSparse_triangular_new/ecl32.csr,51993,204565,3.93,0.58,584.19,2.41
/data/SuiteSparse_triangular_new/ecology1.csr,1000000,2998000,3.00,0.01,500.25,0.58
/data/SuiteSparse_triangular_new/ecology2.csr,999999,2997995,3.00,0.01,500.25,0.58
/data/SuiteSparse_triangular_new/email-Enron.csr,36692,220523,6.01,1.46,93.36,1.33
/data/SuiteSparse_triangular_new/engine.csr,143571,2424822,16.89,1.07,124.95,1.02
/data/SuiteSparse_triangular_new/enron.csr,69244,201602,2.91,5.09,148.59,17.40
/data/SuiteSparse_triangular_new/epb3.csr,84617,264734,3.13,0.34,96.27,0.50
/data/SuiteSparse_triangular_new/eu-2005.csr,862664,10053879,11.65,1.47,316.46,10.95
/data/SuiteSparse_triangular_new/europe_osm.csr,50912018,104966678,2.06,0.18,14710.20,7.36
/data/SuiteSparse_triangular_new/ex11.csr,16614,556781,33.51,0.28,22.36,0.42
/data/SuiteSparse_triangular_new/ex19.csr,12005,135942,11.32,0.55,12.87,0.90
/data/SuiteSparse_triangular_new/ex35.csr,19716,123962,6.29,0.36,27.85,0.68
/data/SuiteSparse_triangular_new/ex3sta1.csr,16782,347890,20.73,1.15,239.74,0.58
/data/SuiteSparse_triangular_new/ex40.csr,7740,232876,30.09,0.32,10.39,0.35
/data/SuiteSparse_triangular_new/exdata_1.csr,6001,1137751,189.59,2.06,4.00,9.67
/data/SuiteSparse_triangular_new/fcondp2.csr,201822,5748069,28.48,0.37,214.25,0.64
/data/SuiteSparse_triangular_new/fe_body.csr,45087,208821,4.63,0.41,29.98,0.75
/data/SuiteSparse_triangular_new/fe_ocean.csr,143437,553030,3.86,0.10,578.38,0.50
/data/SuiteSparse_triangular_new/fe_rotor.csr,99617,762048,7.65,0.35,65.37,1.78
/data/SuiteSparse_triangular_new/fe_tooth.csr,78136,530727,6.79,0.60,3.24,1.72
/data/SuiteSparse_triangular_new/filter3D.csr,106437,1406808,13.22,0.25,43.25,0.30
/data/SuiteSparse_triangular_new/finan512.csr,74752,335872,4.49,0.72,144.87,5.53
/data/SuiteSparse_triangular_new/finance256.csr,37376,167936,4.49,0.72,143.75,3.73
/data/SuiteSparse_triangular_new/fl2010.csr,484481,1657628,3.42,0.76,15628.42,1.62
/data/SuiteSparse_triangular_new/flickr.csr,820878,5748200,7.00,4.60,449.06,14.96
/data/SuiteSparse_triangular_new/flower_8_4.csr,55081,115860,2.10,0.51,1836.03,1.99
/data/SuiteSparse_triangular_new/ford2.csr,100196,322442,3.22,0.51,356.57,2.88
/data/SuiteSparse_triangular_new/fp.csr,7548,530015,70.22,3.11,29.60,1.60
/data/SuiteSparse_triangular_new/fullb.csr,199187,5953632,29.89,0.48,148.43,0.99
/data/SuiteSparse_triangular_new/fxm4_6.csr,18892,258368,13.68,1.12,68.95,0.94
/data/SuiteSparse_triangular_new/g3rmt3m3.csr,5357,106526,19.89,0.36,4.65,0.83
/data/SuiteSparse_triangular_new/g7jac060.csr,17730,118281,6.67,1.71,135.34,2.20
/data/SuiteSparse_triangular_new/g7jac060sc.csr,17730,118281,6.67,1.71,135.34,2.20
/data/SuiteSparse_triangular_new/g7jac080.csr,23670,165401,6.99,1.78,138.42,2.54
/data/SuiteSparse_triangular_new/g7jac080sc.csr,23670,165401,6.99,1.78,138.42,2.54
/data/SuiteSparse_triangular_new/g7jac100.csr,29610,212521,7.18,1.81,140.33,2.84
/data/SuiteSparse_triangular_new/g7jac100sc.csr,29610,212521,7.18,1.81,140.33,2.84
/data/SuiteSparse_triangular_new/g7jac120.csr,35550,259641,7.30,1.83,141.63,3.11
/data/SuiteSparse_triangular_new/g7jac120sc.csr,35550,259641,7.30,1.83,141.63,3.11
/data/SuiteSparse_triangular_new/g7jac140.csr,41490,306761,7.39,1.84,142.58,3.36
/data/SuiteSparse_triangular_new/g7jac140sc.csr,41490,306761,7.39,1.84,142.58,3.36
/data/SuiteSparse_triangular_new/g7jac160.csr,47430,353881,7.46,1.85,143.29,3.59
/data/SuiteSparse_triangular_new/g7jac160sc.csr,47430,353881,7.46,1.85,143.29,3.59
/data/SuiteSparse_triangular_new/g7jac180.csr,53370,401001,7.51,1.85,143.85,3.81
/data/SuiteSparse_triangular_new/g7jac180sc.csr,53370,401001,7.51,1.85,143.85,3.81
/data/SuiteSparse_triangular_new/g7jac200.csr,59310,448121,7.56,1.86,144.31,4.01
/data/SuiteSparse_triangular_new/g7jac200sc.csr,59310,448121,7.56,1.86,144.31,4.01
/data/SuiteSparse_triangular_new/ga2010.csr,291086,1000114,3.44,0.68,12128.58,1.32
/data/SuiteSparse_triangular_new/garon2.csr,13535,202071,14.93,0.73,80.57,0.59
/data/SuiteSparse_triangular_new/gas_sensor.csr,66917,885141,13.23,0.14,82.01,0.46
/data/SuiteSparse_triangular_new/gearbox.csr,153746,4617075,30.03,0.38,33.53,0.92
/data/SuiteSparse_triangular_new/germany_osm.csr,11548845,23918026,2.07,0.18,12067.76,4.52
/data/SuiteSparse_triangular_new/goodwin.csr,7320,154982,21.17,0.39,7.31,1.06
/data/SuiteSparse_triangular_new/graham1.csr,9035,132389,14.65,0.40,15.80,1.47
/data/SuiteSparse_triangular_new/great-britain_osm.csr,7733822,15890339,2.05,0.19,8271.47,4.57
/data/SuiteSparse_triangular_new/gridgena.csr,48962,280523,5.73,0.24,50.22,0.45
/data/SuiteSparse_triangular_new/gsm_106857.csr,589446,11174185,18.96,0.82,3368.26,0.91
/data/SuiteSparse_triangular_new/gupta1.csr,31802,1098006,34.53,0.41,1223.15,2.21
/data/SuiteSparse_triangular_new/gupta2.csr,62064,2155175,34.73,0.41,2140.14,1.69
/data/SuiteSparse_triangular_new/gupta3.csr,16783,4670105,278.26,4.55,53.45,2.38
/data/SuiteSparse_triangular_new/gyro.csr,17361,519260,29.91,0.36,6.21,0.85
/data/SuiteSparse_triangular_new/gyro_k.csr,17361,519260,29.91,0.36,6.21,0.85
/data/SuiteSparse_triangular_new/gyro_m.csr,17361,178896,10.30,0.35,18.63,0.85
/data/SuiteSparse_triangular_new/halfb.csr,224617,6306219,28.08,0.46,114.83,0.93
/data/SuiteSparse_triangular_new/hcircuit.csr,105676,309410,2.93,0.33,4594.61,2.19
/data/SuiteSparse_triangular_new/heart1.csr,3557,695665,195.58,0.53,2.24,0.51
/data/SuiteSparse_triangular_new/heart2.csr,2339,342568,146.46,0.40,2.15,0.51
/data/SuiteSparse_triangular_new/heart3.csr,2339,342568,146.46,0.40,2.15,0.51
/data/SuiteSparse_triangular_new/helm2d03.csr,392257,1567096,4.00,0.52,43584.11,0.65
/data/SuiteSparse_triangular_new/helm3d01.csr,32226,230335,7.15,0.36,1239.46,0.86
/data/SuiteSparse_triangular_new/hollywood-2009.csr,1139905,57515616,50.46,3.18,13.78,26.16
/data/SuiteSparse_triangular_new/hood.csr,220542,5494489,24.91,0.46,365.14,1.60
/data/SuiteSparse_triangular_new/hugebubbles-00000.csr,18318143,45788224,2.50,0.33,35227.20,8.83
/data/SuiteSparse_triangular_new/hugebubbles-00010.csr,19458087,48637851,2.50,0.35,262947.12,3.10
/data/SuiteSparse_triangular_new/hugebubbles-00020.csr,21198119,52988298,2.50,0.34,196278.88,3.78
/data/SuiteSparse_triangular_new/hugetrace-00000.csr,4588484,11467617,2.50,0.36,26677.23,4.99
/data/SuiteSparse_triangular_new/hugetrace-00010.csr,12057441,30139620,2.50,0.36,69696.19,4.61
/data/SuiteSparse_triangular_new/hugetrace-00020.csr,16002413,40001226,2.50,0.35,145476.48,3.69
/data/SuiteSparse_triangular_new/hugetric-00000.csr,5824554,14558077,2.50,0.37,19034.49,6.70
/data/SuiteSparse_triangular_new/hugetric-00010.csr,6592765,16478619,2.50,0.38,74917.78,3.33
/data/SuiteSparse_triangular_new/hugetric-00020.csr,7122792,17803569,2.50,0.39,86863.32,3.22
/data/SuiteSparse_triangular_new/human_gene1.csr,22283,12345963,554.05,1.61,4.63,2.50
/data/SuiteSparse_triangular_new/human_gene2.csr,14340,9041364,630.50,1.36,3.55,2.09
/data/SuiteSparse_triangular_new/hvdc2.csr,189860,767452,4.04,0.64,1194.09,3.20
/data/SuiteSparse_triangular_new/ia2010.csr,216007,726592,3.36,0.60,10286.05,1.24
/data/SuiteSparse_triangular_new/ibm_matrix_2.csr,51448,558004,10.85,2.63,284.24,0.63
/data/SuiteSparse_triangular_new/id2010.csr,149842,513974,3.43,0.76,5549.70,1.42
/data/SuiteSparse_triangular_new/igbt3.csr,10938,122472,11.20,0.56,40.07,0.84
/data/SuiteSparse_triangular_new/il2010.csr,451554,1533786,3.40,0.61,18062.16,1.43
/data/SuiteSparse_triangular_new/image_interp.csr,240000,592084,2.47,0.23,2.00,10.85
/data/SuiteSparse_triangular_new/in-2004.csr,1382908,9834648,7.11,3.36,1047.66,14.33
/data/SuiteSparse_triangular_new/in2010.csr,267071,907929,3.40,0.63,11127.96,1.36
/data/SuiteSparse_triangular_new/indochina-2004.csr,7414866,101301625,13.66,9.17,1078.84,29.94
/data/SuiteSparse_triangular_new/inlet.csr,11730,221560,18.89,0.45,7.40,1.13
/data/SuiteSparse_triangular_new/inline_1.csr,503712,18660027,37.05,0.48,287.51,0.81
/data/SuiteSparse_triangular_new/ins2.csr,309412,1530448,4.95,115.36,38676.50,0.74
/data/SuiteSparse_triangular_new/invextr1_new.csr,30412,905101,29.76,0.78,101.37,0.53
/data/SuiteSparse_triangular_new/italy_osm.csr,6686493,13700471,2.05,0.15,2246.05,5.42
/data/SuiteSparse_triangular_new/jan99jac080.csr,27534,132125,4.80,0.84,12.36,2.39
/data/SuiteSparse_triangular_new/jan99jac080sc.csr,27534,132125,4.80,0.84,12.36,2.39
/data/SuiteSparse_triangular_new/jan99jac100.csr,34454,166005,4.82,0.84,12.36,2.64
/data/SuiteSparse_triangular_new/jan99jac100sc.csr,34454,166005,4.82,0.84,12.36,2.64
/data/SuiteSparse_triangular_new/jan99jac120.csr,41374,199885,4.83,0.84,12.36,2.87
/data/SuiteSparse_triangular_new/jan99jac120sc.csr,41374,199885,4.83,0.84,12.36,2.87
/data/SuiteSparse_triangular_new/jnlbrng1.csr,40000,119600,2.99,0.03,100.25,0.57
/data/SuiteSparse_triangular_new/juba40k.csr,40337,101659,2.52,0.84,1008.42,1.90
/data/SuiteSparse_triangular_new/k1_san.csr,67759,324169,4.78,0.22,129.81,0.45
/data/SuiteSparse_triangular_new/k3plates.csr,11107,195017,17.56,0.29,9.40,0.59
/data/SuiteSparse_triangular_new/karted.csr,46502,160990,3.46,83.55,1788.54,4.89
/data/SuiteSparse_triangular_new/kkt_power.csr,2063494,8545814,4.14,0.89,121382.00,1.50
/data/SuiteSparse_triangular_new/kneser_10_4_1.csr,349651,853765,2.44,1.32,29137.58,1.65
/data/SuiteSparse_triangular_new/kron_g500-logn16.csr,65536,2521607,38.48,4.74,65.41,8.87
/data/SuiteSparse_triangular_new/kron_g500-logn17.csr,131072,5245057,40.02,5.62,96.31,10.95
/data/SuiteSparse_triangular_new/kron_g500-logn18.csr,262144,10844830,41.37,6.32,144.04,13.79
/data/SuiteSparse_triangular_new/kron_g500-logn19.csr,524288,22305075,42.54,7.34,215.14,16.93
/data/SuiteSparse_triangular_new/kron_g500-logn20.csr,1048576,45667978,43.55,8.57,324.24,20.93
/data/SuiteSparse_triangular_new/kron_g500-logn21.csr,2097152,93138084,44.41,9.97,483.21,25.67
/data/SuiteSparse_triangular_new/ks2010.csr,238600,799499,3.35,0.62,8837.04,1.50
/data/SuiteSparse_triangular_new/ky2010.csr,161672,555561,3.44,0.69,6466.88,1.33
/data/SuiteSparse_triangular_new/la2010.csr,204447,694764,3.40,0.71,7863.35,1.43
/data/SuiteSparse_triangular_new/laminar_duct3D.csr,67173,1983753,29.53,0.52,161.47,3.97
/data/SuiteSparse_triangular_new/language.csr,399130,864042,2.16,0.33,11086.94,1.58
/data/SuiteSparse_triangular_new/largebasis.csr,440020,3000060,6.82,0.78,220010.00,0.09
/data/SuiteSparse_triangular_new/ldoor.csr,952203,23737339,24.93,0.44,141.40,6.95
/data/SuiteSparse_triangular_new/lhr07.csr,7337,136775,18.64,1.32,100.51,2.34
/data/SuiteSparse_triangular_new/lhr07c.csr,7337,136775,18.64,1.32,100.51,2.34
/data/SuiteSparse_triangular_new/lhr10.csr,10672,219765,20.59,1.23,164.18,2.72
/data/SuiteSparse_triangular_new/lhr10c.csr,10672,219765,20.59,1.23,164.18,2.72
/data/SuiteSparse_triangular_new/lhr11.csr,10964,220679,20.13,1.25,171.31,2.55
/data/SuiteSparse_triangular_new/lhr11c.csr,10964,220679,20.13,1.25,171.31,2.55
/data/SuiteSparse_triangular_new/lhr14.csr,14270,300197,21.04,1.21,246.03,2.52
/data/SuiteSparse_triangular_new/lhr14c.csr,14270,300197,21.04,1.21,246.03,2.52
/data/SuiteSparse_triangular_new/lhr17.csr,17576,379864,21.61,1.19,382.09,2.11
/data/SuiteSparse_triangular_new/lhr17c.csr,17576,379864,21.61,1.19,382.09,2.11
/data/SuiteSparse_triangular_new/lhr34.csr,35152,759760,21.61,1.19,764.17,2.11
/data/SuiteSparse_triangular_new/lhr34c.csr,35152,759760,21.61,1.19,764.17,2.11
/data/SuiteSparse_triangular_new/lhr71.csr,70304,1519552,21.61,1.19,1528.35,1.83
/data/SuiteSparse_triangular_new/lhr71c.csr,70304,1519552,21.61,1.19,1528.35,1.83
/data/SuiteSparse_triangular_new/li.csr,22695,686502,30.25,0.56,17.91,0.59
/data/SuiteSparse_triangular_new/ljournal-2008.csr,5363260,43365293,8.09,2.80,102.50,64.77
/data/SuiteSparse_triangular_new/lowThrust_10.csr,18260,124191,6.80,1.06,9130.00,0.11
/data/SuiteSparse_triangular_new/lowThrust_11.csr,18368,125167,6.81,1.06,9184.00,0.11
/data/SuiteSparse_triangular_new/lowThrust_12.csr,18458,125628,6.81,1.06,9229.00,0.11
/data/SuiteSparse_triangular_new/lowThrust_13.csr,18476,125793,6.81,1.06,9238.00,0.11
/data/SuiteSparse_triangular_new/lowThrust_5.csr,16262,110930,6.82,1.06,8131.00,0.11
/data/SuiteSparse_triangular_new/lowThrust_6.csr,16928,115901,6.85,1.06,8464.00,0.11
/data/SuiteSparse_triangular_new/lowThrust_7.csr,17378,118332,6.81,1.06,8689.00,0.11
/data/SuiteSparse_triangular_new/lowThrust_8.csr,17702,121008,6.84,1.06,8851.00,0.11
/data/SuiteSparse_triangular_new/lowThrust_9.csr,18044,122827,6.81,1.06,9022.00,0.11
/data/SuiteSparse_triangular_new/lp1.csr,534388,1088904,2.04,0.29,59376.45,1.82
/data/SuiteSparse_triangular_new/lp_ken_18.csr,105127,243495,2.32,4.37,7509.07,1.87
/data/SuiteSparse_triangular_new/lp_nug30.csr,52260,187794,3.59,1.63,2375.45,3.08
/data/SuiteSparse_triangular_new/lpl1.csr,32460,180248,5.55,2.67,1298.40,1.51
/data/SuiteSparse_triangular_new/lung2.csr,109460,273647,2.50,0.20,228.52,6.72
/data/SuiteSparse_triangular_new/luxembourg_osm.csr,114599,234265,2.04,0.16,268.38,2.28
/data/SuiteSparse_triangular_new/m133-b3.csr,200200,586229,2.93,0.60,25025.00,1.38
/data/SuiteSparse_triangular_new/m14b.csr,214765,1893783,8.82,0.55,254.76,1.25
/data/SuiteSparse_triangular_new/m_t1.csr,97578,4925574,50.48,0.42,22.87,0.57
/data/SuiteSparse_triangular_new/ma2010.csr,157508,545813,3.47,0.70,5833.63,1.46
/data/SuiteSparse_triangular_new/mac_econ_fwd500.csr,206500,948056,4.59,0.73,16.50,11.90
/data/SuiteSparse_triangular_new/majorbasis.csr,160000,1232812,7.71,0.36,266.67,0.50
/data/SuiteSparse_triangular_new/man_5976.csr,5976,115558,19.34,0.31,1.43,1.34
/data/SuiteSparse_triangular_new/mario001.csr,38434,129947,3.38,0.30,1537.36,1.00
/data/SuiteSparse_triangular_new/mario002.csr,389874,1323431,3.39,0.30,12576.58,1.21
/data/SuiteSparse_triangular_new/mark3jac060.csr,27449,105927,3.86,0.88,41.15,3.80
/data/SuiteSparse_triangular_new/mark3jac060sc.csr,27449,105927,3.86,0.88,41.15,3.80
/data/SuiteSparse_triangular_new/mark3jac080.csr,36609,141427,3.86,0.87,41.27,4.37
/data/SuiteSparse_triangular_new/mark3jac080sc.csr,36609,141427,3.86,0.87,41.27,4.37
/data/SuiteSparse_triangular_new/mark3jac100.csr,45769,176927,3.87,0.87,41.35,4.86
/data/SuiteSparse_triangular_new/mark3jac100sc.csr,45769,176927,3.87,0.87,41.35,4.86
/data/SuiteSparse_triangular_new/mark3jac120.csr,54929,212427,3.87,0.87,41.39,5.32
/data/SuiteSparse_triangular_new/mark3jac120sc.csr,54929,212427,3.87,0.87,41.39,5.32
/data/SuiteSparse_triangular_new/mark3jac140.csr,64089,247927,3.87,0.87,41.43,5.73
/data/SuiteSparse_triangular_new/mark3jac140sc.csr,64089,247927,3.87,0.87,41.43,5.73
/data/SuiteSparse_triangular_new/matrix-new_3.csr,125329,1418494,11.32,3.75,199.57,0.66
/data/SuiteSparse_triangular_new/matrix_9.csr,103430,1115870,10.79,1.65,340.23,0.72
/data/SuiteSparse_triangular_new/mc2depi.csr,525825,1051137,2.00,0.02,513.00,0.00
/data/SuiteSparse_triangular_new/md2010.csr,145247,495436,3.41,0.73,6051.96,1.37
/data/SuiteSparse_triangular_new/me2010.csr,69518,237256,3.41,0.72,3022.52,1.28
/data/SuiteSparse_triangular_new/memchip.csr,2707524,8188837,3.02,0.41,9025.08,4.51
/data/SuiteSparse_triangular_new/mi2010.csr,329885,1118930,3.39,0.65,13745.21,1.35
/data/SuiteSparse_triangular_new/minsurfo.csr,40806,122214,3.00,0.04,80.80,0.45
/data/SuiteSparse_triangular_new/mip1.csr,66463,5209641,78.38,1.76,93.22,4.54
/data/SuiteSparse_triangular_new/mixtank_new.csr,29957,1012499,33.80,0.67,51.74,0.44
/data/SuiteSparse_triangular_new/mk12-b4.csr,62370,237046,3.80,0.60,7796.25,1.05
/data/SuiteSparse_triangular_new/mk13-b5.csr,135135,407743,3.02,0.84,13513.50,1.41
/data/SuiteSparse_triangular_new/mn2010.csr,259777,873328,3.36,0.68,10391.08,1.39
/data/SuiteSparse_triangular_new/mo2010.csr,343565,1171849,3.41,0.68,12724.63,1.46
/data/SuiteSparse_triangular_new/mouse_gene.csr,45101,14506196,321.64,1.60,8.72,5.92
/data/SuiteSparse_triangular_new/mri1.csr,65536,164497,2.51,1.33,7281.78,2.31
/data/SuiteSparse_triangular_new/mri2.csr,63240,110245,1.74,1.41,7905.00,2.40
/data/SuiteSparse_triangular_new/ms2010.csr,171778,591768,3.44,0.67,5541.23,1.58
/data/SuiteSparse_triangular_new/msc10848.csr,10848,620313,57.18,0.86,18.36,2.01
/data/SuiteSparse_triangular_new/msc23052.csr,23052,588933,25.55,0.75,120.06,1.51
/data/SuiteSparse_triangular_new/msdoor.csr,415863,10328399,24.84,0.46,59.95,5.51
/data/SuiteSparse_triangular_new/mt2010.csr,132288,451622,3.41,0.75,3392.00,1.83
/data/SuiteSparse_triangular_new/mult_dcop_01.csr,25187,101214,4.02,35.32,868.52,1.98
/data/SuiteSparse_triangular_new/mult_dcop_02.csr,25187,101214,4.02,35.32,868.52,1.98
/data/SuiteSparse_triangular_new/mult_dcop_03.csr,25187,101190,4.02,35.32,868.52,1.98
/data/SuiteSparse_triangular_new/n4c6-b10.csr,132402,730532,5.52,0.91,14711.33,1.38
/data/SuiteSparse_triangular_new/n4c6-b11.csr,69235,348391,5.03,1.03,7692.78,1.39
/data/SuiteSparse_triangular_new/n4c6-b12.csr,25605,112564,4.40,1.17,2845.00,1.44
/data/SuiteSparse_triangular_new/n4c6-b5.csr,51813,279213,5.39,0.47,10362.60,0.94
/data/SuiteSparse_triangular_new/n4c6-b6.csr,104115,596673,5.73,0.54,20823.00,0.89
/data/SuiteSparse_triangular_new/n4c6-b7.csr,163215,967512,5.93,0.62,20401.88,1.31
/data/SuiteSparse_triangular_new/n4c6-b8.csr,198895,1186349,5.96,0.71,18081.36,1.61
/data/SuiteSparse_triangular_new/n4c6-b9.csr,186558,1087730,5.83,0.80,18655.80,1.49
/data/SuiteSparse_triangular_new/nasasrb.csr,54870,1366097,24.90,0.22,15.14,0.76
/data/SuiteSparse_triangular_new/nc2010.csr,288987,997297,3.45,0.69,10320.96,1.49
/data/SuiteSparse_triangular_new/ncvxbqp1.csr,50000,199984,4.00,0.52,2000.00,1.11
/data/SuiteSparse_triangular_new/ncvxqp3.csr,75000,299982,4.00,0.42,3000.00,0.89
/data/SuiteSparse_triangular_new/ncvxqp5.csr,62500,249983,4.00,0.47,2500.00,0.98
/data/SuiteSparse_triangular_new/ncvxqp7.csr,87500,349981,4.00,0.39,3500.00,0.84
/data/SuiteSparse_triangular_new/nd12k.csr,36000,7128473,198.01,0.47,4.76,0.55
/data/SuiteSparse_triangular_new/nd2010.csr,133769,446742,3.34,0.65,5350.76,1.41
/data/SuiteSparse_triangular_new/nd24k.csr,72000,14393817,199.91,0.41,6.28,0.51
/data/SuiteSparse_triangular_new/nd3k.csr,9000,1644345,182.71,0.50,2.37,0.56
/data/SuiteSparse_triangular_new/nd6k.csr,18000,3457658,192.09,0.46,3.20,0.52
/data/SuiteSparse_triangular_new/ne2010.csr,193352,650279,3.36,0.63,7161.19,1.49
/data/SuiteSparse_triangular_new/nemeth01.csr,9506,367280,38.64,0.20,1.00,0.00
/data/SuiteSparse_triangular_new/nemeth02.csr,9506,202157,21.27,0.27,1.00,0.01
/data/SuiteSparse_triangular_new/nemeth03.csr,9506,202157,21.27,0.27,1.00,0.01
/data/SuiteSparse_triangular_new/nemeth04.csr,9506,202157,21.27,0.27,1.00,0.01
/data/SuiteSparse_triangular_new/nemeth05.csr,9506,202157,21.27,0.27,1.00,0.01
/data/SuiteSparse_triangular_new/nemeth06.csr,9506,202157,21.27,0.27,1.00,0.01
/data/SuiteSparse_triangular_new/nemeth07.csr,9506,202159,21.27,0.27,1.00,0.01
/data/SuiteSparse_triangular_new/nemeth08.csr,9506,202161,21.27,0.27,1.00,0.01
/data/SuiteSparse_triangular_new/nemeth09.csr,9506,202506,21.30,0.27,1.00,0.01
/data/SuiteSparse_triangular_new/nemeth10.csr,9506,205477,21.62,0.27,1.00,0.01
/data/SuiteSparse_triangular_new/nemeth11.csr,9506,208885,21.97,0.25,1.03,0.17
/data/SuiteSparse_triangular_new/nemeth12.csr,9506,228162,24.00,0.22,1.00,0.00
/data/SuiteSparse_triangular_new/nemeth13.csr,9506,241989,25.46,0.21,1.00,0.00
/data/SuiteSparse_triangular_new/nemeth14.csr,9506,252825,26.60,0.19,1.00,0.00
/data/SuiteSparse_triangular_new/nemeth15.csr,9506,274654,28.89,0.18,1.00,0.00
/data/SuiteSparse_triangular_new/nemeth16.csr,9506,298259,31.38,0.16,1.00,0.00
/data/SuiteSparse_triangular_new/nemeth17.csr,9506,319563,33.62,0.14,1.00,0.00
/data/SuiteSparse_triangular_new/nemeth18.csr,9506,352370,37.07,0.14,1.00,0.00
/data/SuiteSparse_triangular_new/nemeth19.csr,9506,413904,43.54,0.11,1.00,0.00
/data/SuiteSparse_triangular_new/nemeth20.csr,9506,490688,51.62,0.10,1.00,0.00
/data/SuiteSparse_triangular_new/nemeth21.csr,9506,591626,62.24,0.11,1.00,0.00
/data/SuiteSparse_triangular_new/nemeth22.csr,9506,684169,71.97,0.11,1.00,0.00
/data/SuiteSparse_triangular_new/nemeth23.csr,9506,758158,79.76,0.13,1.00,0.00
/data/SuiteSparse_triangular_new/nemeth24.csr,9506,758028,79.74,0.14,1.00,0.00
/data/SuiteSparse_triangular_new/nemeth25.csr,9506,760632,80.02,0.14,1.00,0.00
/data/SuiteSparse_triangular_new/nemeth26.csr,9506,760633,80.02,0.14,1.00,0.00
/data/SuiteSparse_triangular_new/neos.csr,479119,479119,1.00,0.00,479119.00,0.00
/data/SuiteSparse_triangular_new/neos1.csr,131581,131581,1.00,0.00,131581.00,0.00
/data/SuiteSparse_triangular_new/neos2.csr,132568,132568,1.00,0.00,132568.00,0.00
/data/SuiteSparse_triangular_new/neos3.csr,512209,1024417,2.00,0.00,1.00,0.00
/data/SuiteSparse_triangular_new/net100.csr,29920,1031560,34.48,1.18,7480.00,0.28
/data/SuiteSparse_triangular_new/net125.csr,36720,1306960,35.59,1.16,9180.00,0.34
/data/SuiteSparse_triangular_new/net150.csr,43520,1582360,36.36,1.14,10880.00,0.38
/data/SuiteSparse_triangular_new/net25.csr,9520,205360,21.57,1.61,2380.00,0.60
/data/SuiteSparse_triangular_new/net4-1.csr,88343,1265035,14.32,1.44,992.62,2.72
/data/SuiteSparse_triangular_new/net50.csr,16320,480760,29.46,1.33,4080.00,0.20
/data/SuiteSparse_triangular_new/net75.csr,23120,756160,32.71,1.23,5780.00,0.21
/data/SuiteSparse_triangular_new/netherlands_osm.csr,2216688,4657926,2.10,0.26,12523.66,3.49
/data/SuiteSparse_triangular_new/nh2010.csr,48837,166112,3.40,0.72,2570.37,1.12
/data/SuiteSparse_triangular_new/nj2010.csr,169588,584544,3.45,0.66,7066.17,1.36
/data/SuiteSparse_triangular_new/nlpkkt120.csr,3542400,50194096,14.17,0.95,1771200.00,0.02
/data/SuiteSparse_triangular_new/nlpkkt160.csr,8345600,118931856,14.25,0.90,4172800.00,0.02
/data/SuiteSparse_triangular_new/nlpkkt200.csr,16240000,232232816,14.30,0.90,8120000.00,0.01
/data/SuiteSparse_triangular_new/nlpkkt80.csr,1062400,14883536,14.01,0.96,531200.00,0.04
/data/SuiteSparse_triangular_new/nm2010.csr,168609,584094,3.46,0.74,6744.36,1.35
/data/SuiteSparse_triangular_new/nmos3.csr,18588,202591,10.90,0.55,48.79,0.51
/data/SuiteSparse_triangular_new/ns3Da.csr,20414,850599,41.67,0.86,118.00,0.42
/data/SuiteSparse_triangular_new/nv2010.csr,84538,293037,3.47,0.77,2817.93,1.55
/data/SuiteSparse_triangular_new/ny2010.csr,350169,1204941,3.44,0.64,11672.30,1.60
/data/SuiteSparse_triangular_new/obstclae.csr,40000,118804,2.97,0.07,100.76,0.59
/data/SuiteSparse_triangular_new/offshore.csr,259789,2251231,8.67,0.36,75.26,0.94
/data/SuiteSparse_triangular_new/oh2010.csr,365344,1249464,3.42,0.65,14051.69,1.43
/data/SuiteSparse_triangular_new/ohne2.csr,181343,5622444,31.00,0.64,23.37,0.69
/data/SuiteSparse_triangular_new/oilpan.csr,73752,1835470,24.89,0.29,24.45,0.40
/data/SuiteSparse_triangular_new/ok2010.csr,269118,906192,3.37,0.68,11700.78,1.32
/data/SuiteSparse_triangular_new/olafu.csr,16146,515651,31.94,0.25,8.99,0.61
/data/SuiteSparse_triangular_new/olesnik0.csr,88263,429856,4.87,0.21,104.83,0.86
/data/SuiteSparse_triangular_new/onera_dual.csr,85567,252384,2.95,0.34,494.61,2.21
/data/SuiteSparse_triangular_new/onetone1.csr,36057,222173,6.16,1.23,41.83,5.34
/data/SuiteSparse_triangular_new/onetone2.csr,36057,165429,4.59,0.68,64.16,4.29
/data/SuiteSparse_triangular_new/opt1.csr,15449,973052,62.98,0.48,4.29,0.59
/data/SuiteSparse_triangular_new/or2010.csr,196621,686377,3.49,0.73,6780.03,1.50
/data/SuiteSparse_triangular_new/p2p-Gnutella31.csr,62586,133528,2.13,1.16,2607.75,3.64
/data/SuiteSparse_triangular_new/pa2010.csr,421545,1450776,3.44,0.65,14536.03,1.55
/data/SuiteSparse_triangular_new/packing-500x100x100-b050.csr,2145852,19634095,9.15,0.18,1228.31,0.37
/data/SuiteSparse_triangular_new/para-10.csr,155924,2786141,17.87,0.76,80.87,0.75
/data/SuiteSparse_triangular_new/para-4.csr,153226,2739727,17.88,0.69,79.60,0.76
/data/SuiteSparse_triangular_new/para-5.csr,155924,2786141,17.87,0.76,80.87,0.75
/data/SuiteSparse_triangular_new/para-6.csr,155924,2786141,17.87,0.76,80.87,0.75
/data/SuiteSparse_triangular_new/para-7.csr,155924,2786141,17.87,0.76,80.87,0.75
/data/SuiteSparse_triangular_new/para-8.csr,155924,2786141,17.87,0.76,80.87,0.75
/data/SuiteSparse_triangular_new/para-9.csr,155924,2786141,17.87,0.76,80.87,0.75
/data/SuiteSparse_triangular_new/parabolic_fem.csr,525825,2100225,3.99,0.51,75117.86,0.37
/data/SuiteSparse_triangular_new/pattern1.csr,19242,4671337,242.77,1.09,19.17,2.86
/data/SuiteSparse_triangular_new/pcrystk02.csr,13965,491274,35.18,0.24,27.87,0.36
/data/SuiteSparse_triangular_new/pcrystk03.csr,24696,887937,35.95,0.22,36.26,0.33
/data/SuiteSparse_triangular_new/pct20stif.csr,52329,1375396,26.28,0.54,39.32,1.08
/data/SuiteSparse_triangular_new/pdb1HYS.csr,36417,2190591,60.15,0.46,1.89,0.48
/data/SuiteSparse_triangular_new/pds-100.csr,156243,310567,1.99,1.58,13020.25,2.71
/data/SuiteSparse_triangular_new/pds-40.csr,66844,131929,1.97,1.53,6076.73,2.52
/data/SuiteSparse_triangular_new/pds-50.csr,83060,164317,1.98,1.54,9228.89,2.25
/data/SuiteSparse_triangular_new/pds-60.csr,99431,195951,1.97,1.55,9943.10,2.40
/data/SuiteSparse_triangular_new/pds-70.csr,114944,227096,1.98,1.56,11494.40,2.41
/data/SuiteSparse_triangular_new/pds-80.csr,129181,255326,1.98,1.57,12918.10,2.43
/data/SuiteSparse_triangular_new/pds-90.csr,142823,283381,1.98,1.58,12983.91,2.57
/data/SuiteSparse_triangular_new/pf2177.csr,9728,367436,37.77,0.47,135.11,0.53
/data/SuiteSparse_triangular_new/pfinan512.csr,74752,335872,4.49,0.72,144.87,5.53
/data/SuiteSparse_triangular_new/pkustk01.csr,22044,500712,22.71,0.89,122.47,1.67
/data/SuiteSparse_triangular_new/pkustk02.csr,10800,410400,38.00,0.93,54.55,1.46
/data/SuiteSparse_triangular_new/pkustk03.csr,63336,1596876,25.21,0.68,351.87,1.45
/data/SuiteSparse_triangular_new/pkustk04.csr,55590,2137125,38.44,2.77,149.44,2.49
/data/SuiteSparse_triangular_new/pkustk05.csr,37164,1121154,30.17,0.85,154.85,1.63
/data/SuiteSparse_triangular_new/pkustk06.csr,43164,1307466,30.29,0.85,189.32,1.56
/data/SuiteSparse_triangular_new/pkustk07.csr,16860,1217832,72.23,0.86,34.91,2.33
/data/SuiteSparse_triangular_new/pkustk08.csr,22209,1624440,73.14,0.86,49.35,2.26
/data/SuiteSparse_triangular_new/pkustk09.csr,33960,808800,23.82,0.70,195.17,1.42
/data/SuiteSparse_triangular_new/pkustk10.csr,80676,2194830,27.21,0.65,227.90,2.00
/data/SuiteSparse_triangular_new/pkustk11.csr,87804,2652858,30.21,0.86,298.65,1.86
/data/SuiteSparse_triangular_new/pkustk12.csr,94653,3803485,40.18,3.68,283.39,2.10
/data/SuiteSparse_triangular_new/pkustk13.csr,94893,3355860,35.36,0.96,232.58,1.91
/data/SuiteSparse_triangular_new/pkustk14.csr,151926,7494215,49.33,0.86,141.33,2.83
/data/SuiteSparse_triangular_new/pli.csr,22695,686502,30.25,0.56,17.91,0.59
/data/SuiteSparse_triangular_new/poisson3Da.csr,13514,183138,13.55,0.42,126.30,0.59
/data/SuiteSparse_triangular_new/poisson3Db.csr,85623,1230286,14.37,0.41,629.58,0.81
/data/SuiteSparse_triangular_new/pre2.csr,659033,3810251,5.78,1.41,1080.38,3.76
/data/SuiteSparse_triangular_new/preferentialAttachment.csr,100000,599985,6.00,0.00,1562.50,1.55
/data/SuiteSparse_triangular_new/psmigr_1.csr,3140,278874,88.81,1.20,1.92,0.62
/data/SuiteSparse_triangular_new/psmigr_2.csr,3140,278874,88.81,1.20,1.92,0.62
/data/SuiteSparse_triangular_new/psmigr_3.csr,3140,278874,88.81,1.20,1.92,0.62
/data/SuiteSparse_triangular_new/pwt.csr,36519,181313,4.96,0.32,154.09,1.24
/data/SuiteSparse_triangular_new/pwtk.csr,217918,5926171,27.19,0.21,1.53,2.13
/data/SuiteSparse_triangular_new/qa8fk.csr,66127,863353,13.06,0.18,173.11,0.46
/data/SuiteSparse_triangular_new/qa8fm.csr,66127,863353,13.06,0.18,173.11,0.46
/data/SuiteSparse_triangular_new/raefsky1.csr,3242,148759,45.88,0.32,2.14,0.34
/data/SuiteSparse_triangular_new/raefsky2.csr,3242,148759,45.88,0.32,2.14,0.34
/data/SuiteSparse_triangular_new/raefsky3.csr,21200,754984,35.61,0.13,18.03,0.53
/data/SuiteSparse_triangular_new/raefsky4.csr,19779,674195,34.09,0.40,53.89,0.66
/data/SuiteSparse_triangular_new/rail_79841.csr,79841,316881,3.97,0.44,11405.86,1.20
/data/SuiteSparse_triangular_new/rajat15.csr,37261,240423,6.45,2.45,28.47,4.07
/data/SuiteSparse_triangular_new/rajat16.csr,94294,369544,3.92,1.00,654.82,1.05
/data/SuiteSparse_triangular_new/rajat17.csr,94294,369544,3.92,1.00,654.82,1.05
/data/SuiteSparse_triangular_new/rajat18.csr,94294,319864,3.39,1.14,2245.10,0.86
/data/SuiteSparse_triangular_new/rajat20.csr,86916,347644,4.00,1.00,634.42,0.93
/data/SuiteSparse_triangular_new/rajat21.csr,411676,1277619,3.10,0.40,18712.54,2.13
/data/SuiteSparse_triangular_new/rajat22.csr,39899,120017,3.01,0.37,1734.74,1.11
/data/SuiteSparse_triangular_new/rajat23.csr,110355,335928,3.04,0.36,3805.34,1.35
/data/SuiteSparse_triangular_new/rajat24.csr,358172,1154867,3.22,0.36,12350.76,2.31
/data/SuiteSparse_triangular_new/rajat25.csr,87190,348876,4.00,1.00,636.42,0.94
/data/SuiteSparse_triangular_new/rajat26.csr,51032,151650,2.97,0.38,2218.78,1.20
/data/SuiteSparse_triangular_new/rajat28.csr,87190,348876,4.00,1.00,636.42,0.94
/data/SuiteSparse_triangular_new/rajat29.csr,643994,3146703,4.89,0.28,14636.23,1.97
/data/SuiteSparse_triangular_new/rajat30.csr,643994,3418851,5.31,0.31,5749.95,1.39
/data/SuiteSparse_triangular_new/rajat31.csr,4690002,12503753,2.67,0.18,1874.50,0.51
/data/SuiteSparse_triangular_new/ramage02.csr,16830,1441591,85.66,0.49,10.49,0.46
/data/SuiteSparse_triangular_new/rat.csr,3136,133465,42.56,0.20,1.00,0.00
/data/SuiteSparse_triangular_new/rgg_n_2_15_s0.csr,32768,193008,5.89,0.38,37.53,0.35
/data/SuiteSparse_triangular_new/rgg_n_2_16_s0.csr,65536,407663,6.22,0.37,51.68,0.27
/data/SuiteSparse_triangular_new/rgg_n_2_17_s0.csr,131072,859825,6.56,0.36,71.39,0.23
/data/SuiteSparse_triangular_new/rgg_n_2_18_s0.csr,262144,1809427,6.90,0.35,97.38,0.19
/data/SuiteSparse_triangular_new/rgg_n_2_19_s0.csr,524288,3794054,7.24,0.35,133.27,0.19
/data/SuiteSparse_triangular_new/rgg_n_2_20_s0.csr,1048576,7940196,7.57,0.34,183.99,0.14
/data/SuiteSparse_triangular_new/rgg_n_2_21_s0.csr,2097152,16585147,7.91,0.33,254.11,0.13
/data/SuiteSparse_triangular_new/rgg_n_2_22_s0.csr,4194304,34553502,8.24,0.33,350.81,0.11
/data/SuiteSparse_triangular_new/rgg_n_2_23_s0.csr,8388608,71890001,8.57,0.32,483.66,0.10
/data/SuiteSparse_triangular_new/rgg_n_2_24_s0.csr,16777216,149334416,8.90,0.31,670.10,0.08
/data/SuiteSparse_triangular_new/rim.csr,22560,484986,21.50,0.38,8.64,1.45
/data/SuiteSparse_triangular_new/rlfprim.csr,58866,113530,1.93,0.13,1090.11,1.53
/data/SuiteSparse_triangular_new/rma10.csr,46835,1210418,25.84,0.71,6.02,0.73
/data/SuiteSparse_triangular_new/roadNet-CA.csr,1971281,4737888,2.40,0.34,5415.61,4.58
/data/SuiteSparse_triangular_new/roadNet-PA.csr,1090920,2632818,2.41,0.34,2311.27,5.46
/data/SuiteSparse_triangular_new/roadNet-TX.csr,1393383,3315043,2.38,0.34,4050.53,5.01
/data/SuiteSparse_triangular_new/road_central.csr,14081816,31015229,2.20,0.48,238674.84,3.61
/data/SuiteSparse_triangular_new/road_usa.csr,23947347,52801659,2.20,0.45,311004.50,3.92
/data/SuiteSparse_triangular_new/s1rmq4m1.csr,5489,143300,26.11,0.17,10.32,0.47
/data/SuiteSparse_triangular_new/s1rmt3m1.csr,5489,112505,20.50,0.18,15.46,0.54
/data/SuiteSparse_triangular_new/s2rmq4m1.csr,5489,143300,26.11,0.17,10.32,0.47
/data/SuiteSparse_triangular_new/s2rmt3m1.csr,5489,112505,20.50,0.18,15.46,0.54
/data/SuiteSparse_triangular_new/s3dkq4m2.csr,90449,2455670,27.15,0.10,37.86,0.42
/data/SuiteSparse_triangular_new/s3dkt3m2.csr,90449,1921955,21.25,0.11,60.50,0.54
/data/SuiteSparse_triangular_new/s3rmq4m1.csr,5489,143300,26.11,0.17,10.32,0.47
/data/SuiteSparse_triangular_new/s3rmt3m1.csr,5489,112505,20.50,0.18,15.46,0.54
/data/SuiteSparse_triangular_new/s3rmt3m3.csr,5357,106526,19.89,0.36,4.65,0.83
/data/SuiteSparse_triangular_new/s4dkt3m2.csr,90449,1921955,21.25,0.11,60.50,0.54
/data/SuiteSparse_triangular_new/sc2010.csr,181908,628488,3.45,0.70,6737.33,1.47
/data/SuiteSparse_triangular_new/scircuit.csr,170998,565030,3.30,0.83,146.15,1.13
/data/SuiteSparse_triangular_new/sd2010.csr,88360,293721,3.32,0.62,3534.40,1.41
/data/SuiteSparse_triangular_new/sgpf5y6.csr,246077,490771,1.99,0.22,27341.89,1.00
/data/SuiteSparse_triangular_new/shallow_water1.csr,81920,204800,2.50,0.31,80.63,5.13
/data/SuiteSparse_triangular_new/shallow_water2.csr,81920,204800,2.50,0.31,80.63,5.13
/data/SuiteSparse_triangular_new/shar_te2-b3.csr,200200,589261,2.94,0.60,25025.00,1.36
/data/SuiteSparse_triangular_new/ship_001.csr,34920,2339575,67.00,0.41,7.12,0.79
/data/SuiteSparse_triangular_new/ship_003.csr,121728,4103881,33.71,0.50,27.87,1.61
/data/SuiteSparse_triangular_new/shipsec1.csr,140874,3977139,28.23,0.37,67.08,0.51
/data/SuiteSparse_triangular_new/shipsec5.csr,179860,5146478,28.61,0.39,66.91,0.98
/data/SuiteSparse_triangular_new/shipsec8.csr,114919,3384159,29.45,0.38,36.75,0.79
/data/SuiteSparse_triangular_new/shock-9.csr,36476,107766,2.95,0.07,66.93,0.68
/data/SuiteSparse_triangular_new/shyy161.csr,76480,228482,2.99,0.27,5.87,3.81
/data/SuiteSparse_triangular_new/sinc12.csr,7500,138334,18.44,0.65,1250.00,0.96
/data/SuiteSparse_triangular_new/sinc15.csr,11532,258598,22.42,0.66,1922.00,1.01
/data/SuiteSparse_triangular_new/sinc18.csr,16428,433870,26.41,0.66,2738.00,1.03
/data/SuiteSparse_triangular_new/skirt.csr,12598,104559,8.30,0.41,28.12,0.66
/data/SuiteSparse_triangular_new/smallworld.csr,100000,599998,6.00,0.24,1.21,0.36
/data/SuiteSparse_triangular_new/sme3Da.csr,12504,443698,35.48,0.71,83.36,0.44
/data/SuiteSparse_triangular_new/sme3Db.csr,29067,1055066,36.30,0.72,166.10,0.48
/data/SuiteSparse_triangular_new/sme3Dc.csr,42930,1595787,37.17,0.70,261.77,0.46
/data/SuiteSparse_triangular_new/smt.csr,25710,1889447,73.49,0.44,5.52,0.79
/data/SuiteSparse_triangular_new/soc-Epinions1.csr,75888,363549,4.79,2.16,221.25,4.20
/data/SuiteSparse_triangular_new/soc-LiveJournal1.csr,4847571,40223497,8.30,1.76,973.80,8.85
/data/SuiteSparse_triangular_new/soc-Slashdot0811.csr,77360,487762,6.31,2.05,303.37,1.68
/data/SuiteSparse_triangular_new/soc-Slashdot0902.csr,82168,513686,6.25,2.14,316.03,2.28
/data/SuiteSparse_triangular_new/soc-sign-Slashdot081106.csr,77357,389611,5.04,2.48,442.04,6.32
/data/SuiteSparse_triangular_new/soc-sign-Slashdot090216.csr,81871,412549,5.04,2.50,478.78,6.54
/data/SuiteSparse_triangular_new/soc-sign-Slashdot090221.csr,82144,414307,5.04,2.50,466.73,6.63
/data/SuiteSparse_triangular_new/soc-sign-epinions.csr,131828,593597,4.50,3.48,296.91,8.44
/data/SuiteSparse_triangular_new/spal_004.csr,10203,748398,73.35,2.61,61.46,9.41
/data/SuiteSparse_triangular_new/sparsine.csr,50000,799494,15.99,0.66,735.29,0.52
/data/SuiteSparse_triangular_new/spmsrtls.csr,29995,129971,4.33,0.11,1.00,0.00
/data/SuiteSparse_triangular_new/srb1.csr,54924,1508538,27.47,0.41,33.29,0.37
/data/SuiteSparse_triangular_new/stat96v2.csr,29089,111535,3.83,4.96,1003.07,1.34
/data/SuiteSparse_triangular_new/stat96v3.csr,33841,129383,3.82,5.36,1410.04,1.24
/data/SuiteSparse_triangular_new/std1_Jac2_db.csr,21982,255426,11.62,2.66,36.10,17.07
/data/SuiteSparse_triangular_new/std1_Jac3_db.csr,21982,274689,12.50,2.53,35.92,17.01
/data/SuiteSparse_triangular_new/stokes128.csr,49666,312322,6.29,0.31,128.67,0.50
/data/SuiteSparse_triangular_new/stomach.csr,213360,1617504,7.58,0.41,125.21,0.36
/data/SuiteSparse_triangular_new/stormG2_1000.csr,528185,739963,1.40,0.54,88030.84,1.46
/data/SuiteSparse_triangular_new/struct3.csr,53570,613632,11.45,0.20,54.72,0.54
/data/SuiteSparse_triangular_new/struct4.csr,4350,121074,27.83,0.42,18.91,0.57
/data/SuiteSparse_triangular_new/t2em.csr,921632,2756232,2.99,0.05,1.06,4.39
/data/SuiteSparse_triangular_new/t3dh.csr,79171,2215638,27.99,0.21,45.87,0.48
/data/SuiteSparse_triangular_new/t3dh_a.csr,79171,2215638,27.99,0.21,45.87,0.48
/data/SuiteSparse_triangular_new/t3dh_e.csr,79171,2215638,27.99,0.21,45.87,0.48
/data/SuiteSparse_triangular_new/t3dl.csr,20360,265113,13.02,0.15,32.16,0.55
/data/SuiteSparse_triangular_new/t3dl_a.csr,20360,265113,13.02,0.15,32.16,0.55
/data/SuiteSparse_triangular_new/t520.csr,5563,145952,26.24,0.18,9.44,0.37
/data/SuiteSparse_triangular_new/t60k.csr,60005,149445,2.49,0.21,64.59,2.24
/data/SuiteSparse_triangular_new/tandem_dual.csr,94069,277281,2.95,0.36,268.77,4.09
/data/SuiteSparse_triangular_new/tandem_vtx.csr,18454,135902,7.36,0.54,7.11,3.43
/data/SuiteSparse_triangular_new/ted_A.csr,10605,313099,29.52,0.93,8.71,19.71
/data/SuiteSparse_triangular_new/ted_A_unscaled.csr,10605,313099,29.52,0.93,8.71,19.71
/data/SuiteSparse_triangular_new/thermal1.csr,82654,328556,3.98,0.44,85.12,5.47
/data/SuiteSparse_triangular_new/thermal2.csr,1228045,4904179,3.99,0.44,991.16,6.17
/data/SuiteSparse_triangular_new/thermomech_TC.csr,102158,406858,3.98,0.51,317.26,5.94
/data/SuiteSparse_triangular_new/thermomech_TK.csr,102158,406858,3.98,0.51,317.26,5.94
/data/SuiteSparse_triangular_new/thermomech_dK.csr,204316,1525272,7.47,0.55,317.26,5.94
/data/SuiteSparse_triangular_new/thermomech_dM.csr,204316,813716,3.98,0.51,634.52,5.94
/data/SuiteSparse_triangular_new/thread.csr,29736,2249892,75.66,0.67,20.56,0.47
/data/SuiteSparse_triangular_new/tmt_sym.csr,726713,2903837,4.00,0.18,1.00,0.17
/data/SuiteSparse_triangular_new/tmt_unsym.csr,917825,2751313,3.00,0.02,1.00,0.35
/data/SuiteSparse_triangular_new/tn2010.csr,240116,837099,3.49,0.68,9604.64,1.35
/data/SuiteSparse_triangular_new/tomographic1.csr,73159,517548,7.07,1.71,3048.29,2.63
/data/SuiteSparse_triangular_new/torsion1.csr,40000,118804,2.97,0.07,100.76,0.59
/data/SuiteSparse_triangular_new/torso1.csr,116158,4512480,38.85,6.64,68.77,0.96
/data/SuiteSparse_triangular_new/torso2.csr,115967,574718,4.96,0.10,226.06,0.82
/data/SuiteSparse_triangular_new/torso3.csr,259156,2343713,9.04,0.29,938.97,0.58
/data/SuiteSparse_triangular_new/tp-6.csr,142752,434272,3.04,117.86,9516.80,3.68
/data/SuiteSparse_triangular_new/trans4.csr,116835,441781,3.78,0.45,8345.36,1.45
/data/SuiteSparse_triangular_new/trans5.csr,116835,441781,3.78,0.45,8345.36,1.45
/data/SuiteSparse_triangular_new/transient.csr,178866,570398,3.19,0.89,11924.40,1.81
/data/SuiteSparse_triangular_new/trdheim.csr,22098,978711,44.29,0.40,7.07,0.51
/data/SuiteSparse_triangular_new/troll.csr,213453,6099282,28.57,0.33,50.00,1.05
/data/SuiteSparse_triangular_new/tsyl201.csr,20685,1237821,59.84,0.64,13.39,1.05
/data/SuiteSparse_triangular_new/tube1.csr,21498,459277,21.36,0.21,7.53,0.52
/data/SuiteSparse_triangular_new/tube2.csr,21498,459277,21.36,0.39,11.20,0.86
/data/SuiteSparse_triangular_new/turon_m.csr,189924,968455,5.10,0.20,219.82,1.39
/data/SuiteSparse_triangular_new/twotone.csr,120750,749161,6.20,1.30,71.24,10.05
/data/SuiteSparse_triangular_new/tx2010.csr,914231,3142367,3.44,0.69,30474.37,1.56
/data/SuiteSparse_triangular_new/uk-2002.csr,18520486,160195872,8.65,1.95,14583.06,12.74
/data/SuiteSparse_triangular_new/usroads.csr,129164,294599,2.28,0.26,79.49,2.64
/data/SuiteSparse_triangular_new/usroads-48.csr,126146,288096,2.28,0.26,77.63,2.51
/data/SuiteSparse_triangular_new/ut2010.csr,115406,401439,3.48,0.79,4121.64,1.46
/data/SuiteSparse_triangular_new/va2010.csr,285762,986826,3.45,0.73,8930.06,1.61
/data/SuiteSparse_triangular_new/vanbody.csr,47072,1191985,25.32,0.40,19.06,0.64
/data/SuiteSparse_triangular_new/venkat01.csr,62424,890108,14.26,0.20,14.95,0.44
/data/SuiteSparse_triangular_new/venkat25.csr,62424,890108,14.26,0.20,14.95,0.44
/data/SuiteSparse_triangular_new/venkat50.csr,62424,890108,14.26,0.20,14.95,0.44
/data/SuiteSparse_triangular_new/venturiLevel3.csr,4026819,12081056,3.00,0.34,2602.99,6.85
/data/SuiteSparse_triangular_new/vibrobox.csr,12328,177578,14.40,0.57,54.07,0.47
/data/SuiteSparse_triangular_new/viscoplastic2.csr,32769,208544,6.36,0.44,16384.50,0.76
/data/SuiteSparse_triangular_new/viscorocks.csr,37762,600003,15.89,0.25,15.51,0.36
/data/SuiteSparse_triangular_new/vsp_barth5_1Ksep_50in_5Kout.csr,32212,134017,4.16,0.53,1789.56,0.89
/data/SuiteSparse_triangular_new/vsp_bcsstk30_500sep_10in_1Kout.csr,58348,2074926,35.56,0.77,410.90,0.35
/data/SuiteSparse_triangular_new/vsp_befref_fxm_2_4_air02.csr,14109,112333,7.96,0.56,414.97,1.03
/data/SuiteSparse_triangular_new/vsp_bump2_e18_aa01_model1_crew1.csr,56438,357239,6.33,0.78,437.50,2.02
/data/SuiteSparse_triangular_new/vsp_c-60_data_cti_cs4.csr,85830,326910,3.81,2.25,269.91,7.62
/data/SuiteSparse_triangular_new/vsp_finan512_scagr7-2c_rlfddd.csr,139752,691772,4.95,0.59,263.68,3.54
/data/SuiteSparse_triangular_new/vsp_mod2_pgp2_slptsk.csr,101364,490732,4.84,1.26,1583.81,2.32
/data/SuiteSparse_triangular_new/vsp_model1_crew1_cr42_south31.csr,45101,235077,5.21,0.56,1073.83,1.55
/data/SuiteSparse_triangular_new/vsp_msc10848_300sep_100in_1Kout.csr,21996,1243024,56.51,0.76,104.74,0.23
/data/SuiteSparse_triangular_new/vsp_sctap1-2b_and_seymourl.csr,40174,181005,4.51,1.52,772.58,1.69
/data/SuiteSparse_triangular_new/vsp_south31_slptsk.csr,39668,229582,5.79,1.06,543.40,2.42
/data/SuiteSparse_triangular_new/vsp_vibrobox_scagr7-2c_rlfddd.csr,77328,512914,6.63,0.75,406.99,2.10
/data/SuiteSparse_triangular_new/vt2010.csr,32580,110379,3.39,0.70,1629.00,1.15
/data/SuiteSparse_triangular_new/wa2010.csr,195574,669290,3.42,0.68,6519.13,1.60
/data/SuiteSparse_triangular_new/wang3.csr,26064,101616,3.90,0.08,299.59,0.78
/data/SuiteSparse_triangular_new/wang4.csr,26068,101632,3.90,0.08,303.12,0.77
/data/SuiteSparse_triangular_new/water_tank.csr,60740,1045090,17.21,0.38,48.40,0.82
/data/SuiteSparse_triangular_new/wathen100.csr,30401,251001,8.26,0.24,37.95,0.55
/data/SuiteSparse_triangular_new/wathen120.csr,36441,301101,8.26,0.24,39.57,0.52
/data/SuiteSparse_triangular_new/watson_1.csr,201155,389672,1.94,2.11,5747.29,3.22
/data/SuiteSparse_triangular_new/watson_2.csr,352013,357630,1.02,0.15,88003.25,1.70
/data/SuiteSparse_triangular_new/wave.csr,156317,1215648,7.78,0.43,155.23,2.68
/data/SuiteSparse_triangular_new/wb-edu.csr,9845725,35662619,3.62,3.23,3633.11,25.15
/data/SuiteSparse_triangular_new/web-BerkStan.csr,685230,4425244,6.46,1.60,163.27,12.51
/data/SuiteSparse_triangular_new/web-Google.csr,916428,3336976,3.64,1.14,25456.33,2.44
/data/SuiteSparse_triangular_new/web-NotreDame.csr,325729,1034319,3.18,2.87,1175.92,10.83
/data/SuiteSparse_triangular_new/web-Stanford.csr,281903,1413271,5.01,1.38,4945.67,2.01
/data/SuiteSparse_triangular_new/webbase-1M.csr,1000005,2348442,2.35,1.05,1953.13,4.92
/data/SuiteSparse_triangular_new/wheel_601.csr,902103,2170103,2.41,3.99,75175.25,1.35
/data/SuiteSparse_triangular_new/wi2010.csr,253096,857798,3.39,0.64,9734.46,1.43
/data/SuiteSparse_triangular_new/wiki-Talk.csr,2394385,3072221,1.28,2.99,4649.29,21.36
/data/SuiteSparse_triangular_new/wikipedia-20051105.csr,1634989,15512976,9.49,2.17,1284.36,3.60
/data/SuiteSparse_triangular_new/wikipedia-20060925.csr,2983494,29087120,9.75,2.16,2341.83,3.20
/data/SuiteSparse_triangular_new/wikipedia-20061104.csr,3148440,30748191,9.77,2.17,2504.73,3.11
/data/SuiteSparse_triangular_new/wikipedia-20070206.csr,3566907,35178717,9.86,2.12,2573.53,3.43
/data/SuiteSparse_triangular_new/wing.csr,62032,183576,2.96,0.49,4771.69,1.07
/data/SuiteSparse_triangular_new/wv2010.csr,135218,466679,3.45,0.76,5408.72,1.32
/data/SuiteSparse_triangular_new/wy2010.csr,86204,299997,3.48,0.74,3315.54,1.38
/data/SuiteSparse_triangular_new/x104.csr,108384,5138004,47.41,0.37,21.71,0.65
/data/SuiteSparse_triangular_new/xenon1.csr,48600,614860,12.65,0.51,190.59,1.11
/data/SuiteSparse_triangular_new/xenon2.csr,157464,2012076,12.78,0.50,475.72,1.29
